Using pre-set license
Built from '2022.3/staging' branch; Version is '2022.3.29f1 (8d510ca76d2b) revision 9261324'; Using compiler version '192829333'; Build Type 'Release'
OS: 'Windows 11  (10.0.26100) 64bit Professional' Language: 'en' Physical Memory: 16086 MB
BatchMode: 1, IsHumanControllingUs: 0, StartBugReporterOnCrash: 0, Is64bit: 1, IsPro: 1

COMMAND LINE ARGUMENTS:
C:\Program Files\Unity\Hub\Editor\2022.3.29f1\Editor\Unity.exe
-adb2
-batchMode
-noUpm
-name
AssetImportWorker0
-projectPath
C:/Users/richa/OneDrive/Desktop/TankAICourseWork/TankAiCourseWork/GAMR2520-Assignment1-TankWars/GAMR2520-Assignment1-TankWars
-logFile
Logs/AssetImportWorker0.log
-srvPort
64558
Successfully changed project path to: C:/Users/richa/OneDrive/Desktop/TankAICourseWork/TankAiCourseWork/GAMR2520-Assignment1-TankWars/GAMR2520-Assignment1-TankWars
C:/Users/richa/OneDrive/Desktop/TankAICourseWork/TankAiCourseWork/GAMR2520-Assignment1-TankWars/GAMR2520-Assignment1-TankWars
[UnityMemory] Configuration Parameters - Can be set up in boot.config
    "memorysetup-bucket-allocator-granularity=16"
    "memorysetup-bucket-allocator-bucket-count=8"
    "memorysetup-bucket-allocator-block-size=33554432"
    "memorysetup-bucket-allocator-block-count=8"
    "memorysetup-main-allocator-block-size=16777216"
    "memorysetup-thread-allocator-block-size=16777216"
    "memorysetup-gfx-main-allocator-block-size=16777216"
    "memorysetup-gfx-thread-allocator-block-size=16777216"
    "memorysetup-cache-allocator-block-size=4194304"
    "memorysetup-typetree-allocator-block-size=2097152"
    "memorysetup-profiler-bucket-allocator-granularity=16"
    "memorysetup-profiler-bucket-allocator-bucket-count=8"
    "memorysetup-profiler-bucket-allocator-block-size=33554432"
    "memorysetup-profiler-bucket-allocator-block-count=8"
    "memorysetup-profiler-allocator-block-size=16777216"
    "memorysetup-profiler-editor-allocator-block-size=1048576"
    "memorysetup-temp-allocator-size-main=16777216"
    "memorysetup-job-temp-allocator-block-size=2097152"
    "memorysetup-job-temp-allocator-block-size-background=1048576"
    "memorysetup-job-temp-allocator-reduction-small-platforms=262144"
    "memorysetup-allocator-temp-initial-block-size-main=262144"
    "memorysetup-allocator-temp-initial-block-size-worker=262144"
    "memorysetup-temp-allocator-size-background-worker=32768"
    "memorysetup-temp-allocator-size-job-worker=262144"
    "memorysetup-temp-allocator-size-preload-manager=33554432"
    "memorysetup-temp-allocator-size-nav-mesh-worker=65536"
    "memorysetup-temp-allocator-size-audio-worker=65536"
    "memorysetup-temp-allocator-size-cloud-worker=32768"
    "memorysetup-temp-allocator-size-gi-baking-worker=262144"
    "memorysetup-temp-allocator-size-gfx=262144"
Player connection [27528] Host "[IP] 10.20.30.16 [Port] 0 [Flags] 2 [Guid] 709395495 [EditorId] 709395495 [Version] 1048832 [Id] WindowsEditor(7,LAPTOP-RN3HE702) [Debug] 1 [PackageName] WindowsEditor [ProjectName] Editor" joined multi-casting on [225.0.0.222:54997]...

Player connection [27528] Host "[IP] 10.20.30.16 [Port] 0 [Flags] 2 [Guid] 709395495 [EditorId] 709395495 [Version] 1048832 [Id] WindowsEditor(7,LAPTOP-RN3HE702) [Debug] 1 [PackageName] WindowsEditor [ProjectName] Editor" joined alternative multi-casting on [225.0.0.222:34997]...

[Physics::Module] Initialized MultithreadedJobDispatcher with 7 workers.
Refreshing native plugins compatible for Editor in 1.90 ms, found 0 plugins.
Preloading 0 native plugins for Editor in 0.00 ms.
Initialize engine version: 2022.3.29f1 (8d510ca76d2b)
[Subsystems] Discovering subsystems at path C:/Program Files/Unity/Hub/Editor/2022.3.29f1/Editor/Data/Resources/UnitySubsystems
[Subsystems] Discovering subsystems at path C:/Users/richa/OneDrive/Desktop/TankAICourseWork/TankAiCourseWork/GAMR2520-Assignment1-TankWars/GAMR2520-Assignment1-TankWars/Assets
GfxDevice: creating device client; threaded=0; jobified=0
Direct3D:
    Version:  Direct3D 11.0 [level 11.1]
    Renderer: Intel(R) Iris(R) Plus Graphics (ID=0x8a52)
    Vendor:   Intel
    VRAM:     8043 MB
    Driver:   27.20.100.8853
Initialize mono
Mono path[0] = 'C:/Program Files/Unity/Hub/Editor/2022.3.29f1/Editor/Data/Managed'
Mono path[1] = 'C:/Program Files/Unity/Hub/Editor/2022.3.29f1/Editor/Data/MonoBleedingEdge/lib/mono/unityjit-win32'
Mono config path = 'C:/Program Files/Unity/Hub/Editor/2022.3.29f1/Editor/Data/MonoBleedingEdge/etc'
Using monoOptions --debugger-agent=transport=dt_socket,embedding=1,server=y,suspend=n,address=127.0.0.1:56644
Begin MonoManager ReloadAssembly
Registering precompiled unity dll's ...
Register platform support module: C:/Program Files/Unity/Hub/Editor/2022.3.29f1/Editor/Data/PlaybackEngines/WindowsStandaloneSupport/UnityEditor.WindowsStandalone.Extensions.dll
Registered in 0.009010 seconds.
- Loaded All Assemblies, in  0.566 seconds
Native extension for WindowsStandalone target not found
Mono: successfully reloaded assembly
- Finished resetting the current domain, in  0.526 seconds
Domain Reload Profiling: 1091ms
	BeginReloadAssembly (168ms)
		ExecutionOrderSort (0ms)
		DisableScriptedObjects (0ms)
		BackupInstance (0ms)
		ReleaseScriptingObjects (0ms)
		CreateAndSetChildDomain (1ms)
	RebuildCommonClasses (51ms)
	RebuildNativeTypeToScriptingClass (20ms)
	initialDomainReloadingComplete (90ms)
	LoadAllAssembliesAndSetupDomain (236ms)
		LoadAssemblies (165ms)
		RebuildTransferFunctionScriptingTraits (0ms)
		AnalyzeDomain (234ms)
			TypeCache.Refresh (231ms)
				TypeCache.ScanAssembly (213ms)
			ScanForSourceGeneratedMonoScriptInfo (0ms)
			ResolveRequiredComponents (1ms)
	FinalizeReload (527ms)
		ReleaseScriptCaches (0ms)
		RebuildScriptCaches (0ms)
		SetupLoadedEditorAssemblies (396ms)
			LogAssemblyErrors (0ms)
			InitializePlatformSupportModulesInManaged (23ms)
			SetLoadedEditorAssemblies (14ms)
			RefreshPlugins (0ms)
			BeforeProcessingInitializeOnLoad (4ms)
			ProcessInitializeOnLoadAttributes (261ms)
			ProcessInitializeOnLoadMethodAttributes (93ms)
			AfterProcessingInitializeOnLoad (0ms)
			EditorAssembliesLoaded (0ms)
		ExecutionOrderSort2 (0ms)
		AwakeInstancesAfterBackupRestoration (0ms)
========================================================================
Worker process is ready to serve import requests
Begin MonoManager ReloadAssembly
- Loaded All Assemblies, in  0.580 seconds
Refreshing native plugins compatible for Editor in 0.47 ms, found 0 plugins.
Native extension for WindowsStandalone target not found
Mono: successfully reloaded assembly
- Finished resetting the current domain, in  0.442 seconds
Domain Reload Profiling: 1019ms
	BeginReloadAssembly (241ms)
		ExecutionOrderSort (0ms)
		DisableScriptedObjects (7ms)
		BackupInstance (0ms)
		ReleaseScriptingObjects (0ms)
		CreateAndSetChildDomain (34ms)
	RebuildCommonClasses (57ms)
	RebuildNativeTypeToScriptingClass (21ms)
	initialDomainReloadingComplete (61ms)
	LoadAllAssembliesAndSetupDomain (196ms)
		LoadAssemblies (297ms)
		RebuildTransferFunctionScriptingTraits (0ms)
		AnalyzeDomain (49ms)
			TypeCache.Refresh (38ms)
				TypeCache.ScanAssembly (30ms)
			ScanForSourceGeneratedMonoScriptInfo (6ms)
			ResolveRequiredComponents (3ms)
	FinalizeReload (443ms)
		ReleaseScriptCaches (0ms)
		RebuildScriptCaches (0ms)
		SetupLoadedEditorAssemblies (300ms)
			LogAssemblyErrors (0ms)
			InitializePlatformSupportModulesInManaged (6ms)
			SetLoadedEditorAssemblies (3ms)
			RefreshPlugins (0ms)
			BeforeProcessingInitializeOnLoad (74ms)
			ProcessInitializeOnLoadAttributes (164ms)
			ProcessInitializeOnLoadMethodAttributes (45ms)
			AfterProcessingInitializeOnLoad (7ms)
			EditorAssembliesLoaded (0ms)
		ExecutionOrderSort2 (0ms)
		AwakeInstancesAfterBackupRestoration (7ms)
Launched and connected shader compiler UnityShaderCompiler.exe after 0.05 seconds
Refreshing native plugins compatible for Editor in 0.61 ms, found 0 plugins.
Preloading 0 native plugins for Editor in 0.00 ms.
Unloading 1203 Unused Serialized files (Serialized files now loaded: 0)
Unloading 18 unused Assets / (50.1 KB). Loaded Objects now: 1699.
Memory consumption went from 89.0 MB to 89.0 MB.
Total: 2.670900 ms (FindLiveObjects: 0.191300 ms CreateObjectMapping: 0.054300 ms MarkObjects: 2.339000 ms  DeleteObjects: 0.085200 ms)

AssetImportParameters requested are different than current active one (requested -> active):
  custom:video-encoder-webm-vp8: eb34c28f22e8b96e1ab97ce403110664 -> 
  custom:video-decoder-webm-vp8: 9c59270c3fd7afecdb556c50c9e8de78 -> 
  custom:audio-decoder-ogg-vorbis: bf7c407c2cedff20999df2af8eb42d56 -> 
  custom:SearchIndexIgnoredProperties: e643bd26f0fe6173181afceb89e7c659 -> 
  custom:container-demuxer-ogg: 62fdf1f143b41e24485cea50d1cbac27 -> 
  custom:AudioImporter_EditorPlatform: d09bf68614088b80899f8185d706f6e7 -> 
  custom:CustomObjectIndexerAttribute: 9a22284fe3817be447336de3de66b15e -> 
  custom:container-demuxer-webm: 4f35f7cbe854078d1ac9338744f61a02 -> 
  custom:video-codec-MediaFoundation-h265: 746d11721c4dcdbdad8f713fa42b33f4 -> 
  custom:video-decoder-ogg-theora: a1e56fd34408186e4bbccfd4996cb3dc -> 
  custom:audio-encoder-webm-vorbis: bf7c407c2cedff20999df2af8eb42d56 -> 
  custom:framework-win-MediaFoundation: 216162199b28c13a410421893ffa2e32 -> 
  custom:container-muxer-webm: aa71ff27fc2769a1b78a27578f13a17b -> 
========================================================================
Received Import Request.
  Time since last request: 298982.421212 seconds.
  path: Assets/CannonCrew/Scripts/CC_SmartTank.cs
  artifactKey: Guid(90696fb698ce6d142b4836c6e327df07) Importer(815301076,1909f56bfc062723c751e8b465ee728b)
Start importing Assets/CannonCrew/Scripts/CC_SmartTank.cs using Guid(90696fb698ce6d142b4836c6e327df07) Importer(815301076,1909f56bfc062723c751e8b465ee728b)  -> (artifact id: '30c8d8140dc626fdbf0cf9f1c1acb9ae') in 0.002404 seconds
Number of updated asset objects reloaded before import = 0
Number of asset objects unloaded after import = 0
========================================================================
Received Prepare
Begin MonoManager ReloadAssembly
- Loaded All Assemblies, in  0.414 seconds
Refreshing native plugins compatible for Editor in 0.57 ms, found 0 plugins.
Native extension for WindowsStandalone target not found
Mono: successfully reloaded assembly
- Finished resetting the current domain, in  1.010 seconds
Domain Reload Profiling: 1439ms
	BeginReloadAssembly (211ms)
		ExecutionOrderSort (0ms)
		DisableScriptedObjects (6ms)
		BackupInstance (0ms)
		ReleaseScriptingObjects (0ms)
		CreateAndSetChildDomain (39ms)
	RebuildCommonClasses (33ms)
	RebuildNativeTypeToScriptingClass (11ms)
	initialDomainReloadingComplete (27ms)
	LoadAllAssembliesAndSetupDomain (129ms)
		LoadAssemblies (244ms)
		RebuildTransferFunctionScriptingTraits (0ms)
		AnalyzeDomain (16ms)
			TypeCache.Refresh (5ms)
				TypeCache.ScanAssembly (1ms)
			ScanForSourceGeneratedMonoScriptInfo (6ms)
			ResolveRequiredComponents (2ms)
	FinalizeReload (1027ms)
		ReleaseScriptCaches (0ms)
		RebuildScriptCaches (0ms)
		SetupLoadedEditorAssemblies (641ms)
			LogAssemblyErrors (0ms)
			InitializePlatformSupportModulesInManaged (8ms)
			SetLoadedEditorAssemblies (4ms)
			RefreshPlugins (0ms)
			BeforeProcessingInitializeOnLoad (57ms)
			ProcessInitializeOnLoadAttributes (476ms)
			ProcessInitializeOnLoadMethodAttributes (85ms)
			AfterProcessingInitializeOnLoad (10ms)
			EditorAssembliesLoaded (0ms)
		ExecutionOrderSort2 (0ms)
		AwakeInstancesAfterBackupRestoration (7ms)
Refreshing native plugins compatible for Editor in 1.03 ms, found 0 plugins.
Preloading 0 native plugins for Editor in 0.00 ms.
Unloading 1184 Unused Serialized files (Serialized files now loaded: 0)
Unloading 9 unused Assets / (23.8 KB). Loaded Objects now: 1703.
Memory consumption went from 85.0 MB to 85.0 MB.
Total: 2.813300 ms (FindLiveObjects: 0.152100 ms CreateObjectMapping: 0.039800 ms MarkObjects: 2.563900 ms  DeleteObjects: 0.056100 ms)

Prepare: number of updated asset objects reloaded= 0
AssetImportParameters requested are different than current active one (requested -> active):
  custom:video-encoder-webm-vp8: eb34c28f22e8b96e1ab97ce403110664 -> 
  custom:video-decoder-webm-vp8: 9c59270c3fd7afecdb556c50c9e8de78 -> 
  custom:audio-decoder-ogg-vorbis: bf7c407c2cedff20999df2af8eb42d56 -> 
  custom:SearchIndexIgnoredProperties: e643bd26f0fe6173181afceb89e7c659 -> 
  custom:container-demuxer-ogg: 62fdf1f143b41e24485cea50d1cbac27 -> 
  custom:AudioImporter_EditorPlatform: d09bf68614088b80899f8185d706f6e7 -> 
  custom:CustomObjectIndexerAttribute: 9a22284fe3817be447336de3de66b15e -> 
  custom:container-demuxer-webm: 4f35f7cbe854078d1ac9338744f61a02 -> 
  custom:video-codec-MediaFoundation-h265: 746d11721c4dcdbdad8f713fa42b33f4 -> 
  custom:video-decoder-ogg-theora: a1e56fd34408186e4bbccfd4996cb3dc -> 
  custom:audio-encoder-webm-vorbis: bf7c407c2cedff20999df2af8eb42d56 -> 
  custom:framework-win-MediaFoundation: 216162199b28c13a410421893ffa2e32 -> 
  custom:container-muxer-webm: aa71ff27fc2769a1b78a27578f13a17b -> 
========================================================================
Received Import Request.
  Time since last request: 9.130048 seconds.
  path: Assets/CannonCrew/Scripts/CC_SmartTank.cs
  artifactKey: Guid(90696fb698ce6d142b4836c6e327df07) Importer(815301076,1909f56bfc062723c751e8b465ee728b)
Start importing Assets/CannonCrew/Scripts/CC_SmartTank.cs using Guid(90696fb698ce6d142b4836c6e327df07) Importer(815301076,1909f56bfc062723c751e8b465ee728b)  -> (artifact id: 'b5866baddb5ba38103f557fa2090a533') in 0.003590 seconds
Number of updated asset objects reloaded before import = 0
Number of asset objects unloaded after import = 0
========================================================================
Received Import Request.
  Time since last request: 128.831355 seconds.
  path: Assets/CannonCrew/Scripts/CC_SmartTank.cs
  artifactKey: Guid(90696fb698ce6d142b4836c6e327df07) Importer(815301076,1909f56bfc062723c751e8b465ee728b)
Start importing Assets/CannonCrew/Scripts/CC_SmartTank.cs using Guid(90696fb698ce6d142b4836c6e327df07) Importer(815301076,1909f56bfc062723c751e8b465ee728b)  -> (artifact id: 'bda11564b51cc5aa33d47bd946191cce') in 0.001515 seconds
Number of updated asset objects reloaded before import = 0
Number of asset objects unloaded after import = 0
========================================================================
Received Import Request.
  Time since last request: 96.004443 seconds.
  path: Assets/CannonCrew/Scripts/CC_SmartTank.cs
  artifactKey: Guid(90696fb698ce6d142b4836c6e327df07) Importer(815301076,1909f56bfc062723c751e8b465ee728b)
Start importing Assets/CannonCrew/Scripts/CC_SmartTank.cs using Guid(90696fb698ce6d142b4836c6e327df07) Importer(815301076,1909f56bfc062723c751e8b465ee728b)  -> (artifact id: '50773c503ddeaba4b2e2fc28303990c2') in 0.001732 seconds
Number of updated asset objects reloaded before import = 0
Number of asset objects unloaded after import = 0
========================================================================
Received Import Request.
  Time since last request: 11.379923 seconds.
  path: Assets/CannonCrew/Scripts/CC_SmartTank.cs
  artifactKey: Guid(90696fb698ce6d142b4836c6e327df07) Importer(815301076,1909f56bfc062723c751e8b465ee728b)
Start importing Assets/CannonCrew/Scripts/CC_SmartTank.cs using Guid(90696fb698ce6d142b4836c6e327df07) Importer(815301076,1909f56bfc062723c751e8b465ee728b)  -> (artifact id: '237d9b467de214982039f05dbff3b6f2') in 0.000954 seconds
Number of updated asset objects reloaded before import = 0
Number of asset objects unloaded after import = 0
========================================================================
Received Import Request.
  Time since last request: 28.402896 seconds.
  path: Assets/CannonCrew/Scripts/CC_SmartTank.cs
  artifactKey: Guid(90696fb698ce6d142b4836c6e327df07) Importer(815301076,1909f56bfc062723c751e8b465ee728b)
Start importing Assets/CannonCrew/Scripts/CC_SmartTank.cs using Guid(90696fb698ce6d142b4836c6e327df07) Importer(815301076,1909f56bfc062723c751e8b465ee728b)  -> (artifact id: '46854d49decf7c17ad721243ef96895a') in 0.002988 seconds
Number of updated asset objects reloaded before import = 0
Number of asset objects unloaded after import = 0
========================================================================
Received Import Request.
  Time since last request: 5.260887 seconds.
  path: Assets/CannonCrew/Scripts/CC_SmartTank.cs
  artifactKey: Guid(90696fb698ce6d142b4836c6e327df07) Importer(815301076,1909f56bfc062723c751e8b465ee728b)
Start importing Assets/CannonCrew/Scripts/CC_SmartTank.cs using Guid(90696fb698ce6d142b4836c6e327df07) Importer(815301076,1909f56bfc062723c751e8b465ee728b)  -> (artifact id: '6fc9b6768be1f5080feda31f00a6244d') in 0.000762 seconds
Number of updated asset objects reloaded before import = 0
Number of asset objects unloaded after import = 0
========================================================================
Received Import Request.
  Time since last request: 35.628719 seconds.
  path: Assets/CannonCrew/Scripts/CC_SmartTank.cs
  artifactKey: Guid(90696fb698ce6d142b4836c6e327df07) Importer(815301076,1909f56bfc062723c751e8b465ee728b)
Start importing Assets/CannonCrew/Scripts/CC_SmartTank.cs using Guid(90696fb698ce6d142b4836c6e327df07) Importer(815301076,1909f56bfc062723c751e8b465ee728b)  -> (artifact id: '96e727ca7c7702775621af0d5cbc8185') in 0.001312 seconds
Number of updated asset objects reloaded before import = 0
Number of asset objects unloaded after import = 0
========================================================================
Received Import Request.
  Time since last request: 11.235101 seconds.
  path: Assets/CannonCrew/Scripts/CC_SmartTank.cs
  artifactKey: Guid(90696fb698ce6d142b4836c6e327df07) Importer(815301076,1909f56bfc062723c751e8b465ee728b)
Start importing Assets/CannonCrew/Scripts/CC_SmartTank.cs using Guid(90696fb698ce6d142b4836c6e327df07) Importer(815301076,1909f56bfc062723c751e8b465ee728b)  -> (artifact id: '4a01e610481114bed2fa4f716e66379b') in 0.001069 seconds
Number of updated asset objects reloaded before import = 0
Number of asset objects unloaded after import = 0
========================================================================
Received Import Request.
  Time since last request: 169.042228 seconds.
  path: Assets/CannonCrew/Scripts/CC_SmartTank.cs
  artifactKey: Guid(90696fb698ce6d142b4836c6e327df07) Importer(815301076,1909f56bfc062723c751e8b465ee728b)
Start importing Assets/CannonCrew/Scripts/CC_SmartTank.cs using Guid(90696fb698ce6d142b4836c6e327df07) Importer(815301076,1909f56bfc062723c751e8b465ee728b)  -> (artifact id: '792510cf7f1154709efada5238985027') in 0.001168 seconds
Number of updated asset objects reloaded before import = 0
Number of asset objects unloaded after import = 0
========================================================================
Received Import Request.
  Time since last request: 202.233374 seconds.
  path: Assets/CannonCrew/Scripts/CC_SmartTank.cs
  artifactKey: Guid(90696fb698ce6d142b4836c6e327df07) Importer(815301076,1909f56bfc062723c751e8b465ee728b)
Start importing Assets/CannonCrew/Scripts/CC_SmartTank.cs using Guid(90696fb698ce6d142b4836c6e327df07) Importer(815301076,1909f56bfc062723c751e8b465ee728b)  -> (artifact id: '71d2749d7ec447d94a23dceea25f8912') in 0.001328 seconds
Number of updated asset objects reloaded before import = 0
Number of asset objects unloaded after import = 0
========================================================================
Received Import Request.
  Time since last request: 46.957701 seconds.
  path: Assets/CannonCrew/Scripts/CC_SmartTank.cs
  artifactKey: Guid(90696fb698ce6d142b4836c6e327df07) Importer(815301076,1909f56bfc062723c751e8b465ee728b)
Start importing Assets/CannonCrew/Scripts/CC_SmartTank.cs using Guid(90696fb698ce6d142b4836c6e327df07) Importer(815301076,1909f56bfc062723c751e8b465ee728b)  -> (artifact id: '50998eb69f0153b3045df507b92c4dd5') in 0.000959 seconds
Number of updated asset objects reloaded before import = 0
Number of asset objects unloaded after import = 0
========================================================================
Received Import Request.
  Time since last request: 64.523988 seconds.
  path: Assets/CannonCrew/Scripts/CC_SmartTank.cs
  artifactKey: Guid(90696fb698ce6d142b4836c6e327df07) Importer(815301076,1909f56bfc062723c751e8b465ee728b)
Start importing Assets/CannonCrew/Scripts/CC_SmartTank.cs using Guid(90696fb698ce6d142b4836c6e327df07) Importer(815301076,1909f56bfc062723c751e8b465ee728b)  -> (artifact id: '02cc14aa0195973c1452d141a5e2f8a9') in 0.001164 seconds
Number of updated asset objects reloaded before import = 0
Number of asset objects unloaded after import = 0
========================================================================
Received Import Request.
  Time since last request: 68.256059 seconds.
  path: Assets/CannonCrew/Scripts/CC_SmartTank.cs
  artifactKey: Guid(90696fb698ce6d142b4836c6e327df07) Importer(815301076,1909f56bfc062723c751e8b465ee728b)
Start importing Assets/CannonCrew/Scripts/CC_SmartTank.cs using Guid(90696fb698ce6d142b4836c6e327df07) Importer(815301076,1909f56bfc062723c751e8b465ee728b)  -> (artifact id: '4940af7412e2b47ab6b04e684e46d0a9') in 0.001275 seconds
Number of updated asset objects reloaded before import = 0
Number of asset objects unloaded after import = 0
========================================================================
Received Import Request.
  Time since last request: 2.740754 seconds.
  path: Assets/CannonCrew/Scripts/CC_SmartTank.cs
  artifactKey: Guid(90696fb698ce6d142b4836c6e327df07) Importer(815301076,1909f56bfc062723c751e8b465ee728b)
Start importing Assets/CannonCrew/Scripts/CC_SmartTank.cs using Guid(90696fb698ce6d142b4836c6e327df07) Importer(815301076,1909f56bfc062723c751e8b465ee728b)  -> (artifact id: '04b4d863c32495b34e5944415e24bd4a') in 0.001059 seconds
Number of updated asset objects reloaded before import = 0
Number of asset objects unloaded after import = 0
========================================================================
Received Import Request.
  Time since last request: 38.568858 seconds.
  path: Assets/CannonCrew/Scripts/CC_SmartTank.cs
  artifactKey: Guid(90696fb698ce6d142b4836c6e327df07) Importer(815301076,1909f56bfc062723c751e8b465ee728b)
Start importing Assets/CannonCrew/Scripts/CC_SmartTank.cs using Guid(90696fb698ce6d142b4836c6e327df07) Importer(815301076,1909f56bfc062723c751e8b465ee728b)  -> (artifact id: 'c7ce66622d29edcba07a512570d0e68f') in 0.000964 seconds
Number of updated asset objects reloaded before import = 0
Number of asset objects unloaded after import = 0
========================================================================
Received Import Request.
  Time since last request: 17.056535 seconds.
  path: Assets/CannonCrew/Scripts/CC_SmartTank.cs
  artifactKey: Guid(90696fb698ce6d142b4836c6e327df07) Importer(815301076,1909f56bfc062723c751e8b465ee728b)
Start importing Assets/CannonCrew/Scripts/CC_SmartTank.cs using Guid(90696fb698ce6d142b4836c6e327df07) Importer(815301076,1909f56bfc062723c751e8b465ee728b)  -> (artifact id: '16b79b064571a3d4e8c1ff5bc024c626') in 0.001139 seconds
Number of updated asset objects reloaded before import = 0
Number of asset objects unloaded after import = 0
========================================================================
Received Import Request.
  Time since last request: 292.714387 seconds.
  path: Assets/CannonCrew/Scripts/CC_SmartTank.cs
  artifactKey: Guid(90696fb698ce6d142b4836c6e327df07) Importer(815301076,1909f56bfc062723c751e8b465ee728b)
Start importing Assets/CannonCrew/Scripts/CC_SmartTank.cs using Guid(90696fb698ce6d142b4836c6e327df07) Importer(815301076,1909f56bfc062723c751e8b465ee728b)  -> (artifact id: 'ffeb4e728ecf3b502477b7c483261cb7') in 0.001774 seconds
Number of updated asset objects reloaded before import = 0
Number of asset objects unloaded after import = 0
========================================================================
Received Import Request.
  Time since last request: 3.718855 seconds.
  path: Assets/CannonCrew/Scripts/CC_SmartTank.cs
  artifactKey: Guid(90696fb698ce6d142b4836c6e327df07) Importer(815301076,1909f56bfc062723c751e8b465ee728b)
Start importing Assets/CannonCrew/Scripts/CC_SmartTank.cs using Guid(90696fb698ce6d142b4836c6e327df07) Importer(815301076,1909f56bfc062723c751e8b465ee728b)  -> (artifact id: 'd224bcb58a3647cb61a5bfe1d4eabce8') in 0.001821 seconds
Number of updated asset objects reloaded before import = 0
Number of asset objects unloaded after import = 0
========================================================================
Received Import Request.
  Time since last request: 39.868919 seconds.
  path: Assets/CannonCrew/Scripts/CC_SmartTank.cs
  artifactKey: Guid(90696fb698ce6d142b4836c6e327df07) Importer(815301076,1909f56bfc062723c751e8b465ee728b)
Start importing Assets/CannonCrew/Scripts/CC_SmartTank.cs using Guid(90696fb698ce6d142b4836c6e327df07) Importer(815301076,1909f56bfc062723c751e8b465ee728b)  -> (artifact id: 'ba4618fa15666f907aea2a686a15dc9e') in 0.000724 seconds
Number of updated asset objects reloaded before import = 0
Number of asset objects unloaded after import = 0
========================================================================
Received Import Request.
  Time since last request: 76.693399 seconds.
  path: Assets/CannonCrew/Scripts/CC_SmartTank.cs
  artifactKey: Guid(90696fb698ce6d142b4836c6e327df07) Importer(815301076,1909f56bfc062723c751e8b465ee728b)
Start importing Assets/CannonCrew/Scripts/CC_SmartTank.cs using Guid(90696fb698ce6d142b4836c6e327df07) Importer(815301076,1909f56bfc062723c751e8b465ee728b)  -> (artifact id: '023ad0e9d766e21a231f2f7b73191472') in 0.000886 seconds
Number of updated asset objects reloaded before import = 0
Number of asset objects unloaded after import = 0
========================================================================
Received Import Request.
  Time since last request: 12.221498 seconds.
  path: Assets/CannonCrew/Scripts/CC_SmartTank.cs
  artifactKey: Guid(90696fb698ce6d142b4836c6e327df07) Importer(815301076,1909f56bfc062723c751e8b465ee728b)
Start importing Assets/CannonCrew/Scripts/CC_SmartTank.cs using Guid(90696fb698ce6d142b4836c6e327df07) Importer(815301076,1909f56bfc062723c751e8b465ee728b)  -> (artifact id: '4ec07c0c5d1737b12a4885d390489af9') in 0.001109 seconds
Number of updated asset objects reloaded before import = 0
Number of asset objects unloaded after import = 0
========================================================================
Received Import Request.
  Time since last request: 113.092381 seconds.
  path: Assets/CannonCrew/Scripts/CC_SmartTank.cs
  artifactKey: Guid(90696fb698ce6d142b4836c6e327df07) Importer(815301076,1909f56bfc062723c751e8b465ee728b)
Start importing Assets/CannonCrew/Scripts/CC_SmartTank.cs using Guid(90696fb698ce6d142b4836c6e327df07) Importer(815301076,1909f56bfc062723c751e8b465ee728b)  -> (artifact id: '4cfd8487c81cba1660480f157fce5113') in 0.001182 seconds
Number of updated asset objects reloaded before import = 0
Number of asset objects unloaded after import = 0
========================================================================
Received Import Request.
  Time since last request: 68.565476 seconds.
  path: Assets/CannonCrew/Scripts/CC_SmartTank.cs
  artifactKey: Guid(90696fb698ce6d142b4836c6e327df07) Importer(815301076,1909f56bfc062723c751e8b465ee728b)
Start importing Assets/CannonCrew/Scripts/CC_SmartTank.cs using Guid(90696fb698ce6d142b4836c6e327df07) Importer(815301076,1909f56bfc062723c751e8b465ee728b)  -> (artifact id: '140d36612416b404dadffaa6b5a89b11') in 0.001102 seconds
Number of updated asset objects reloaded before import = 0
Number of asset objects unloaded after import = 0
========================================================================
Received Import Request.
  Time since last request: 36.448213 seconds.
  path: Assets/CannonCrew/Scripts/CC_SmartTank.cs
  artifactKey: Guid(90696fb698ce6d142b4836c6e327df07) Importer(815301076,1909f56bfc062723c751e8b465ee728b)
Start importing Assets/CannonCrew/Scripts/CC_SmartTank.cs using Guid(90696fb698ce6d142b4836c6e327df07) Importer(815301076,1909f56bfc062723c751e8b465ee728b)  -> (artifact id: '86aed84175ab1a922db9a2d88852ee61') in 0.002411 seconds
Number of updated asset objects reloaded before import = 0
Number of asset objects unloaded after import = 0
========================================================================
Received Import Request.
  Time since last request: 13.180807 seconds.
  path: Assets/CannonCrew/Scripts/CC_SmartTank.cs
  artifactKey: Guid(90696fb698ce6d142b4836c6e327df07) Importer(815301076,1909f56bfc062723c751e8b465ee728b)
Start importing Assets/CannonCrew/Scripts/CC_SmartTank.cs using Guid(90696fb698ce6d142b4836c6e327df07) Importer(815301076,1909f56bfc062723c751e8b465ee728b)  -> (artifact id: 'dd0080fc97d04748d08006550b738cda') in 0.002579 seconds
Number of updated asset objects reloaded before import = 0
Number of asset objects unloaded after import = 0
========================================================================
Received Import Request.
  Time since last request: 37.253311 seconds.
  path: Assets/CannonCrew/Scripts/CC_SmartTank.cs
  artifactKey: Guid(90696fb698ce6d142b4836c6e327df07) Importer(815301076,1909f56bfc062723c751e8b465ee728b)
Start importing Assets/CannonCrew/Scripts/CC_SmartTank.cs using Guid(90696fb698ce6d142b4836c6e327df07) Importer(815301076,1909f56bfc062723c751e8b465ee728b)  -> (artifact id: 'dba255c55fbb1228f5085f8a6fea8e99') in 0.002832 seconds
Number of updated asset objects reloaded before import = 0
Number of asset objects unloaded after import = 0
========================================================================
Received Import Request.
  Time since last request: 46.691565 seconds.
  path: Assets/CannonCrew/Scripts/CC_SmartTank.cs
  artifactKey: Guid(90696fb698ce6d142b4836c6e327df07) Importer(815301076,1909f56bfc062723c751e8b465ee728b)
Start importing Assets/CannonCrew/Scripts/CC_SmartTank.cs using Guid(90696fb698ce6d142b4836c6e327df07) Importer(815301076,1909f56bfc062723c751e8b465ee728b)  -> (artifact id: '4564a14b9dd5d6cf3ea69f0a271103e2') in 0.002191 seconds
Number of updated asset objects reloaded before import = 0
Number of asset objects unloaded after import = 0
========================================================================
Received Import Request.
  Time since last request: 70.629277 seconds.
  path: Assets/CannonCrew/Scripts/CC_SmartTank.cs
  artifactKey: Guid(90696fb698ce6d142b4836c6e327df07) Importer(815301076,1909f56bfc062723c751e8b465ee728b)
Start importing Assets/CannonCrew/Scripts/CC_SmartTank.cs using Guid(90696fb698ce6d142b4836c6e327df07) Importer(815301076,1909f56bfc062723c751e8b465ee728b)  -> (artifact id: 'b346cdb936b0fcde19934ba61d927cb3') in 0.000669 seconds
Number of updated asset objects reloaded before import = 0
Number of asset objects unloaded after import = 0
========================================================================
Received Import Request.
  Time since last request: 76.313266 seconds.
  path: Assets/CannonCrew/Scripts/CC_SmartTank.cs
  artifactKey: Guid(90696fb698ce6d142b4836c6e327df07) Importer(815301076,1909f56bfc062723c751e8b465ee728b)
Start importing Assets/CannonCrew/Scripts/CC_SmartTank.cs using Guid(90696fb698ce6d142b4836c6e327df07) Importer(815301076,1909f56bfc062723c751e8b465ee728b)  -> (artifact id: '6fb2e73850bb09d5c5a7c50f9a508dd8') in 0.001342 seconds
Number of updated asset objects reloaded before import = 0
Number of asset objects unloaded after import = 0
========================================================================
Received Import Request.
  Time since last request: 154.632350 seconds.
  path: Assets/CannonCrew/Scripts/CC_SmartTank.cs
  artifactKey: Guid(90696fb698ce6d142b4836c6e327df07) Importer(815301076,1909f56bfc062723c751e8b465ee728b)
Start importing Assets/CannonCrew/Scripts/CC_SmartTank.cs using Guid(90696fb698ce6d142b4836c6e327df07) Importer(815301076,1909f56bfc062723c751e8b465ee728b)  -> (artifact id: '0597148a6154181188f98af6c26f2c5e') in 0.000801 seconds
Number of updated asset objects reloaded before import = 0
Number of asset objects unloaded after import = 0
========================================================================
Received Import Request.
  Time since last request: 8.864868 seconds.
  path: Assets/CannonCrew/Scripts/CC_SmartTank.cs
  artifactKey: Guid(90696fb698ce6d142b4836c6e327df07) Importer(815301076,1909f56bfc062723c751e8b465ee728b)
Start importing Assets/CannonCrew/Scripts/CC_SmartTank.cs using Guid(90696fb698ce6d142b4836c6e327df07) Importer(815301076,1909f56bfc062723c751e8b465ee728b)  -> (artifact id: 'fb29b4975912dae96e84d55105464ee5') in 0.001410 seconds
Number of updated asset objects reloaded before import = 0
Number of asset objects unloaded after import = 0
========================================================================
Received Import Request.
  Time since last request: 405.217443 seconds.
  path: Assets/CannonCrew/Scripts/CC_SmartTank.cs
  artifactKey: Guid(90696fb698ce6d142b4836c6e327df07) Importer(815301076,1909f56bfc062723c751e8b465ee728b)
Start importing Assets/CannonCrew/Scripts/CC_SmartTank.cs using Guid(90696fb698ce6d142b4836c6e327df07) Importer(815301076,1909f56bfc062723c751e8b465ee728b)  -> (artifact id: '80f9b680773de3d3d5a890f81ea9ba9d') in 0.002171 seconds
Number of updated asset objects reloaded before import = 0
Number of asset objects unloaded after import = 0
========================================================================
Received Import Request.
  Time since last request: 14.940214 seconds.
  path: Assets/CannonCrew/Scripts/CC_SmartTank.cs
  artifactKey: Guid(90696fb698ce6d142b4836c6e327df07) Importer(815301076,1909f56bfc062723c751e8b465ee728b)
Start importing Assets/CannonCrew/Scripts/CC_SmartTank.cs using Guid(90696fb698ce6d142b4836c6e327df07) Importer(815301076,1909f56bfc062723c751e8b465ee728b)  -> (artifact id: '3b887e4419cd9b0a4af349b37f2e8c47') in 0.002368 seconds
Number of updated asset objects reloaded before import = 0
Number of asset objects unloaded after import = 0
========================================================================
Received Import Request.
  Time since last request: 19.344659 seconds.
  path: Assets/CannonCrew/Scripts/CC_SmartTank.cs
  artifactKey: Guid(90696fb698ce6d142b4836c6e327df07) Importer(815301076,1909f56bfc062723c751e8b465ee728b)
Start importing Assets/CannonCrew/Scripts/CC_SmartTank.cs using Guid(90696fb698ce6d142b4836c6e327df07) Importer(815301076,1909f56bfc062723c751e8b465ee728b)  -> (artifact id: 'b1244c038590d893ef12e51924d67e21') in 0.000784 seconds
Number of updated asset objects reloaded before import = 0
Number of asset objects unloaded after import = 0
========================================================================
Received Import Request.
  Time since last request: 343.768378 seconds.
  path: Assets/CannonCrew/Scripts/CC_SmartTank.cs
  artifactKey: Guid(90696fb698ce6d142b4836c6e327df07) Importer(815301076,1909f56bfc062723c751e8b465ee728b)
Start importing Assets/CannonCrew/Scripts/CC_SmartTank.cs using Guid(90696fb698ce6d142b4836c6e327df07) Importer(815301076,1909f56bfc062723c751e8b465ee728b)  -> (artifact id: '780a8f377c5614957fae41f1b6d845f6') in 0.002713 seconds
Number of updated asset objects reloaded before import = 0
Number of asset objects unloaded after import = 0
========================================================================
Received Import Request.
  Time since last request: 9.595222 seconds.
  path: Assets/CannonCrew/Scripts/CC_SmartTank.cs
  artifactKey: Guid(90696fb698ce6d142b4836c6e327df07) Importer(815301076,1909f56bfc062723c751e8b465ee728b)
Start importing Assets/CannonCrew/Scripts/CC_SmartTank.cs using Guid(90696fb698ce6d142b4836c6e327df07) Importer(815301076,1909f56bfc062723c751e8b465ee728b)  -> (artifact id: 'd2f1aa272b2860cb7b02dd13fabcc9c9') in 0.003112 seconds
Number of updated asset objects reloaded before import = 0
Number of asset objects unloaded after import = 0
========================================================================
Received Import Request.
  Time since last request: 35.488017 seconds.
  path: Assets/CannonCrew/Scripts/CC_SmartTank.cs
  artifactKey: Guid(90696fb698ce6d142b4836c6e327df07) Importer(815301076,1909f56bfc062723c751e8b465ee728b)
Start importing Assets/CannonCrew/Scripts/CC_SmartTank.cs using Guid(90696fb698ce6d142b4836c6e327df07) Importer(815301076,1909f56bfc062723c751e8b465ee728b)  -> (artifact id: 'e7e5d0baf67e1b295fd5f933b268b605') in 0.001005 seconds
Number of updated asset objects reloaded before import = 0
Number of asset objects unloaded after import = 0
========================================================================
Received Import Request.
  Time since last request: 100.544895 seconds.
  path: Assets/CannonCrew/Scripts/CC_SmartTank.cs
  artifactKey: Guid(90696fb698ce6d142b4836c6e327df07) Importer(815301076,1909f56bfc062723c751e8b465ee728b)
Start importing Assets/CannonCrew/Scripts/CC_SmartTank.cs using Guid(90696fb698ce6d142b4836c6e327df07) Importer(815301076,1909f56bfc062723c751e8b465ee728b)  -> (artifact id: '46907b7b393dcef565fc27af8217f048') in 0.001282 seconds
Number of updated asset objects reloaded before import = 0
Number of asset objects unloaded after import = 0
========================================================================
Received Import Request.
  Time since last request: 26.338859 seconds.
  path: Assets/CannonCrew/Scripts/CC_SmartTank.cs
  artifactKey: Guid(90696fb698ce6d142b4836c6e327df07) Importer(815301076,1909f56bfc062723c751e8b465ee728b)
Start importing Assets/CannonCrew/Scripts/CC_SmartTank.cs using Guid(90696fb698ce6d142b4836c6e327df07) Importer(815301076,1909f56bfc062723c751e8b465ee728b)  -> (artifact id: 'a344d326a72d9f26697323ad4e554735') in 0.001669 seconds
Number of updated asset objects reloaded before import = 0
Number of asset objects unloaded after import = 0
========================================================================
Received Import Request.
  Time since last request: 5.357054 seconds.
  path: Assets/CannonCrew/Scripts/CC_SmartTank.cs
  artifactKey: Guid(90696fb698ce6d142b4836c6e327df07) Importer(815301076,1909f56bfc062723c751e8b465ee728b)
Start importing Assets/CannonCrew/Scripts/CC_SmartTank.cs using Guid(90696fb698ce6d142b4836c6e327df07) Importer(815301076,1909f56bfc062723c751e8b465ee728b)  -> (artifact id: '9b3560934135089fca01ba6c6b7ddc25') in 0.001028 seconds
Number of updated asset objects reloaded before import = 0
Number of asset objects unloaded after import = 0
========================================================================
Received Import Request.
  Time since last request: 9.392747 seconds.
  path: Assets/CannonCrew/Scripts/CC_SmartTank.cs
  artifactKey: Guid(90696fb698ce6d142b4836c6e327df07) Importer(815301076,1909f56bfc062723c751e8b465ee728b)
Start importing Assets/CannonCrew/Scripts/CC_SmartTank.cs using Guid(90696fb698ce6d142b4836c6e327df07) Importer(815301076,1909f56bfc062723c751e8b465ee728b)  -> (artifact id: 'b91b7aebb71fa17f3617ef947a9d2a1e') in 0.000877 seconds
Number of updated asset objects reloaded before import = 0
Number of asset objects unloaded after import = 0
========================================================================
Received Import Request.
  Time since last request: 14.107342 seconds.
  path: Assets/CannonCrew/Scripts/CC_SmartTank.cs
  artifactKey: Guid(90696fb698ce6d142b4836c6e327df07) Importer(815301076,1909f56bfc062723c751e8b465ee728b)
Start importing Assets/CannonCrew/Scripts/CC_SmartTank.cs using Guid(90696fb698ce6d142b4836c6e327df07) Importer(815301076,1909f56bfc062723c751e8b465ee728b)  -> (artifact id: '44bf42cfed2686882b6da5286f822a89') in 0.001172 seconds
Number of updated asset objects reloaded before import = 0
Number of asset objects unloaded after import = 0
========================================================================
Received Import Request.
  Time since last request: 7.661595 seconds.
  path: Assets/CannonCrew/Scripts/CC_SmartTank.cs
  artifactKey: Guid(90696fb698ce6d142b4836c6e327df07) Importer(815301076,1909f56bfc062723c751e8b465ee728b)
Start importing Assets/CannonCrew/Scripts/CC_SmartTank.cs using Guid(90696fb698ce6d142b4836c6e327df07) Importer(815301076,1909f56bfc062723c751e8b465ee728b)  -> (artifact id: '468f846d61f292749dab608e9aac49a7') in 0.000894 seconds
Number of updated asset objects reloaded before import = 0
Number of asset objects unloaded after import = 0
========================================================================
Received Import Request.
  Time since last request: 11.600039 seconds.
  path: Assets/CannonCrew/Scripts/CC_SmartTank.cs
  artifactKey: Guid(90696fb698ce6d142b4836c6e327df07) Importer(815301076,1909f56bfc062723c751e8b465ee728b)
Start importing Assets/CannonCrew/Scripts/CC_SmartTank.cs using Guid(90696fb698ce6d142b4836c6e327df07) Importer(815301076,1909f56bfc062723c751e8b465ee728b)  -> (artifact id: '40d7fad881ad36740eb4e44196457cfe') in 0.002041 seconds
Number of updated asset objects reloaded before import = 0
Number of asset objects unloaded after import = 0
========================================================================
Received Import Request.
  Time since last request: 24.268915 seconds.
  path: Assets/CannonCrew/Scripts/CC_SmartTank.cs
  artifactKey: Guid(90696fb698ce6d142b4836c6e327df07) Importer(815301076,1909f56bfc062723c751e8b465ee728b)
Start importing Assets/CannonCrew/Scripts/CC_SmartTank.cs using Guid(90696fb698ce6d142b4836c6e327df07) Importer(815301076,1909f56bfc062723c751e8b465ee728b)  -> (artifact id: '0abd3206d8f285f7eda86c00ff866eaa') in 0.001196 seconds
Number of updated asset objects reloaded before import = 0
Number of asset objects unloaded after import = 0
========================================================================
Received Import Request.
  Time since last request: 13.456230 seconds.
  path: Assets/CannonCrew/Scripts/CC_SmartTank.cs
  artifactKey: Guid(90696fb698ce6d142b4836c6e327df07) Importer(815301076,1909f56bfc062723c751e8b465ee728b)
Start importing Assets/CannonCrew/Scripts/CC_SmartTank.cs using Guid(90696fb698ce6d142b4836c6e327df07) Importer(815301076,1909f56bfc062723c751e8b465ee728b)  -> (artifact id: '9a0c01d78fd48ceffaa0f1d79416dbc9') in 0.002878 seconds
Number of updated asset objects reloaded before import = 0
Number of asset objects unloaded after import = 0
========================================================================
Received Import Request.
  Time since last request: 13.407860 seconds.
  path: Assets/CannonCrew/Scripts/CC_SmartTank.cs
  artifactKey: Guid(90696fb698ce6d142b4836c6e327df07) Importer(815301076,1909f56bfc062723c751e8b465ee728b)
Start importing Assets/CannonCrew/Scripts/CC_SmartTank.cs using Guid(90696fb698ce6d142b4836c6e327df07) Importer(815301076,1909f56bfc062723c751e8b465ee728b)  -> (artifact id: '44da235a4db71cc126ff7e12d9d37d1d') in 0.002619 seconds
Number of updated asset objects reloaded before import = 0
Number of asset objects unloaded after import = 0
========================================================================
Received Import Request.
  Time since last request: 5.531613 seconds.
  path: Assets/CannonCrew/Scripts/CC_SmartTank.cs
  artifactKey: Guid(90696fb698ce6d142b4836c6e327df07) Importer(815301076,1909f56bfc062723c751e8b465ee728b)
Start importing Assets/CannonCrew/Scripts/CC_SmartTank.cs using Guid(90696fb698ce6d142b4836c6e327df07) Importer(815301076,1909f56bfc062723c751e8b465ee728b)  -> (artifact id: 'bc8e32ed8ec06afc2468ea69dd9bf60e') in 0.000610 seconds
Number of updated asset objects reloaded before import = 0
Number of asset objects unloaded after import = 0
========================================================================
Received Import Request.
  Time since last request: 4.234268 seconds.
  path: Assets/CannonCrew/Scripts/CC_SmartTank.cs
  artifactKey: Guid(90696fb698ce6d142b4836c6e327df07) Importer(815301076,1909f56bfc062723c751e8b465ee728b)
Start importing Assets/CannonCrew/Scripts/CC_SmartTank.cs using Guid(90696fb698ce6d142b4836c6e327df07) Importer(815301076,1909f56bfc062723c751e8b465ee728b)  -> (artifact id: '0390a483d005989583aa74258c48481f') in 0.001356 seconds
Number of updated asset objects reloaded before import = 0
Number of asset objects unloaded after import = 0
========================================================================
Received Import Request.
  Time since last request: 74.060289 seconds.
  path: Assets/CannonCrew/Scripts/CC_SmartTank.cs
  artifactKey: Guid(90696fb698ce6d142b4836c6e327df07) Importer(815301076,1909f56bfc062723c751e8b465ee728b)
Start importing Assets/CannonCrew/Scripts/CC_SmartTank.cs using Guid(90696fb698ce6d142b4836c6e327df07) Importer(815301076,1909f56bfc062723c751e8b465ee728b)  -> (artifact id: 'ce2624ccee68f9231fcd3791e98c6457') in 0.003305 seconds
Number of updated asset objects reloaded before import = 0
Number of asset objects unloaded after import = 0
========================================================================
Received Import Request.
  Time since last request: 3.936578 seconds.
  path: Assets/CannonCrew/Scripts/CC_SmartTank.cs
  artifactKey: Guid(90696fb698ce6d142b4836c6e327df07) Importer(815301076,1909f56bfc062723c751e8b465ee728b)
Start importing Assets/CannonCrew/Scripts/CC_SmartTank.cs using Guid(90696fb698ce6d142b4836c6e327df07) Importer(815301076,1909f56bfc062723c751e8b465ee728b)  -> (artifact id: '2232a2fd942d30c9aaaf6c881fb52722') in 0.001193 seconds
Number of updated asset objects reloaded before import = 0
Number of asset objects unloaded after import = 0
========================================================================
Received Import Request.
  Time since last request: 43.487929 seconds.
  path: Assets/CannonCrew/Scripts/CC_SmartTank.cs
  artifactKey: Guid(90696fb698ce6d142b4836c6e327df07) Importer(815301076,1909f56bfc062723c751e8b465ee728b)
Start importing Assets/CannonCrew/Scripts/CC_SmartTank.cs using Guid(90696fb698ce6d142b4836c6e327df07) Importer(815301076,1909f56bfc062723c751e8b465ee728b)  -> (artifact id: '6d1370af45927e439f8db47ecedac796') in 0.003547 seconds
Number of updated asset objects reloaded before import = 0
Number of asset objects unloaded after import = 0
========================================================================
Received Import Request.
  Time since last request: 11.999558 seconds.
  path: Assets/CannonCrew/Scripts/CC_SmartTank.cs
  artifactKey: Guid(90696fb698ce6d142b4836c6e327df07) Importer(815301076,1909f56bfc062723c751e8b465ee728b)
Start importing Assets/CannonCrew/Scripts/CC_SmartTank.cs using Guid(90696fb698ce6d142b4836c6e327df07) Importer(815301076,1909f56bfc062723c751e8b465ee728b)  -> (artifact id: 'd54f0334a3121b602651aa4448b7ccbf') in 0.000962 seconds
Number of updated asset objects reloaded before import = 0
Number of asset objects unloaded after import = 0
========================================================================
Received Import Request.
  Time since last request: 18.870391 seconds.
  path: Assets/CannonCrew/Scripts/CC_SmartTank.cs
  artifactKey: Guid(90696fb698ce6d142b4836c6e327df07) Importer(815301076,1909f56bfc062723c751e8b465ee728b)
Start importing Assets/CannonCrew/Scripts/CC_SmartTank.cs using Guid(90696fb698ce6d142b4836c6e327df07) Importer(815301076,1909f56bfc062723c751e8b465ee728b)  -> (artifact id: '7b34a3626f3d37b6f03af3a615eac3aa') in 0.002027 seconds
Number of updated asset objects reloaded before import = 0
Number of asset objects unloaded after import = 0
========================================================================
Received Import Request.
  Time since last request: 37.530046 seconds.
  path: Assets/CannonCrew/Scripts/CC_SmartTank.cs
  artifactKey: Guid(90696fb698ce6d142b4836c6e327df07) Importer(815301076,1909f56bfc062723c751e8b465ee728b)
Start importing Assets/CannonCrew/Scripts/CC_SmartTank.cs using Guid(90696fb698ce6d142b4836c6e327df07) Importer(815301076,1909f56bfc062723c751e8b465ee728b)  -> (artifact id: '20941ea75bf196cab8a1c50544d3ae46') in 0.000769 seconds
Number of updated asset objects reloaded before import = 0
Number of asset objects unloaded after import = 0
========================================================================
Received Import Request.
  Time since last request: 42.562037 seconds.
  path: Assets/CannonCrew/Scripts/CC_SmartTank.cs
  artifactKey: Guid(90696fb698ce6d142b4836c6e327df07) Importer(815301076,1909f56bfc062723c751e8b465ee728b)
Start importing Assets/CannonCrew/Scripts/CC_SmartTank.cs using Guid(90696fb698ce6d142b4836c6e327df07) Importer(815301076,1909f56bfc062723c751e8b465ee728b)  -> (artifact id: 'b694e148f82e1154ecf7960379bc5cf2') in 0.001567 seconds
Number of updated asset objects reloaded before import = 0
Number of asset objects unloaded after import = 0
========================================================================
Received Import Request.
  Time since last request: 26.136231 seconds.
  path: Assets/CannonCrew/Scripts/CC_SmartTank.cs
  artifactKey: Guid(90696fb698ce6d142b4836c6e327df07) Importer(815301076,1909f56bfc062723c751e8b465ee728b)
Start importing Assets/CannonCrew/Scripts/CC_SmartTank.cs using Guid(90696fb698ce6d142b4836c6e327df07) Importer(815301076,1909f56bfc062723c751e8b465ee728b)  -> (artifact id: '548b8c6145d9b328ea0d04b7dcb7c3e6') in 0.001464 seconds
Number of updated asset objects reloaded before import = 0
Number of asset objects unloaded after import = 0
========================================================================
Received Import Request.
  Time since last request: 148.828407 seconds.
  path: Assets/CannonCrew/Scripts/CC_SmartTank.cs
  artifactKey: Guid(90696fb698ce6d142b4836c6e327df07) Importer(815301076,1909f56bfc062723c751e8b465ee728b)
Start importing Assets/CannonCrew/Scripts/CC_SmartTank.cs using Guid(90696fb698ce6d142b4836c6e327df07) Importer(815301076,1909f56bfc062723c751e8b465ee728b)  -> (artifact id: 'f64d2f44ba16f849a57a9a97aa913e5f') in 0.002433 seconds
Number of updated asset objects reloaded before import = 0
Number of asset objects unloaded after import = 0
========================================================================
Received Import Request.
  Time since last request: 2.307603 seconds.
  path: Assets/CannonCrew/Scripts/CC_SmartTank.cs
  artifactKey: Guid(90696fb698ce6d142b4836c6e327df07) Importer(815301076,1909f56bfc062723c751e8b465ee728b)
Start importing Assets/CannonCrew/Scripts/CC_SmartTank.cs using Guid(90696fb698ce6d142b4836c6e327df07) Importer(815301076,1909f56bfc062723c751e8b465ee728b)  -> (artifact id: '0c13481bc4dd80a9a0d52866442e7283') in 0.002758 seconds
Number of updated asset objects reloaded before import = 0
Number of asset objects unloaded after import = 0
========================================================================
Received Import Request.
  Time since last request: 1.329567 seconds.
  path: Assets/CannonCrew/Scripts/CC_SmartTank.cs
  artifactKey: Guid(90696fb698ce6d142b4836c6e327df07) Importer(815301076,1909f56bfc062723c751e8b465ee728b)
Start importing Assets/CannonCrew/Scripts/CC_SmartTank.cs using Guid(90696fb698ce6d142b4836c6e327df07) Importer(815301076,1909f56bfc062723c751e8b465ee728b)  -> (artifact id: '96fa75504100e5600e7be011e1377438') in 0.002573 seconds
Number of updated asset objects reloaded before import = 0
Number of asset objects unloaded after import = 0
========================================================================
Received Import Request.
  Time since last request: 1.424573 seconds.
  path: Assets/CannonCrew/Scripts/CC_SmartTank.cs
  artifactKey: Guid(90696fb698ce6d142b4836c6e327df07) Importer(815301076,1909f56bfc062723c751e8b465ee728b)
Start importing Assets/CannonCrew/Scripts/CC_SmartTank.cs using Guid(90696fb698ce6d142b4836c6e327df07) Importer(815301076,1909f56bfc062723c751e8b465ee728b)  -> (artifact id: '82eea60ce651a976c59e9cd0d34c2328') in 0.002371 seconds
Number of updated asset objects reloaded before import = 0
Number of asset objects unloaded after import = 0
========================================================================
Received Import Request.
  Time since last request: 10.923901 seconds.
  path: Assets/CannonCrew/Scripts/CC_SmartTank.cs
  artifactKey: Guid(90696fb698ce6d142b4836c6e327df07) Importer(815301076,1909f56bfc062723c751e8b465ee728b)
Start importing Assets/CannonCrew/Scripts/CC_SmartTank.cs using Guid(90696fb698ce6d142b4836c6e327df07) Importer(815301076,1909f56bfc062723c751e8b465ee728b)  -> (artifact id: '4f588f2ec5051277a45d93f8068486bd') in 0.003423 seconds
Number of updated asset objects reloaded before import = 0
Number of asset objects unloaded after import = 0
========================================================================
Received Import Request.
  Time since last request: 3.729638 seconds.
  path: Assets/CannonCrew/Scripts/CC_SmartTank.cs
  artifactKey: Guid(90696fb698ce6d142b4836c6e327df07) Importer(815301076,1909f56bfc062723c751e8b465ee728b)
Start importing Assets/CannonCrew/Scripts/CC_SmartTank.cs using Guid(90696fb698ce6d142b4836c6e327df07) Importer(815301076,1909f56bfc062723c751e8b465ee728b)  -> (artifact id: '4640ffc11c2f51f61eaae9a0cba8736b') in 0.003609 seconds
Number of updated asset objects reloaded before import = 0
Number of asset objects unloaded after import = 0
========================================================================
Received Import Request.
  Time since last request: 3.975551 seconds.
  path: Assets/CannonCrew/Scripts/CC_SmartTank.cs
  artifactKey: Guid(90696fb698ce6d142b4836c6e327df07) Importer(815301076,1909f56bfc062723c751e8b465ee728b)
Start importing Assets/CannonCrew/Scripts/CC_SmartTank.cs using Guid(90696fb698ce6d142b4836c6e327df07) Importer(815301076,1909f56bfc062723c751e8b465ee728b)  -> (artifact id: 'a2f3c825abb88f53a9be99b412c803fc') in 0.001344 seconds
Number of updated asset objects reloaded before import = 0
Number of asset objects unloaded after import = 0
========================================================================
Received Import Request.
  Time since last request: 668.517301 seconds.
  path: Assets/CannonCrew/Scripts/CC_SmartTank.cs
  artifactKey: Guid(90696fb698ce6d142b4836c6e327df07) Importer(815301076,1909f56bfc062723c751e8b465ee728b)
Start importing Assets/CannonCrew/Scripts/CC_SmartTank.cs using Guid(90696fb698ce6d142b4836c6e327df07) Importer(815301076,1909f56bfc062723c751e8b465ee728b)  -> (artifact id: '021bc0a8510d053b564a2e6b1842df27') in 0.002094 seconds
Number of updated asset objects reloaded before import = 0
Number of asset objects unloaded after import = 0
========================================================================
Received Import Request.
  Time since last request: 3.619938 seconds.
  path: Assets/CannonCrew/Scripts/CC_SmartTank.cs
  artifactKey: Guid(90696fb698ce6d142b4836c6e327df07) Importer(815301076,1909f56bfc062723c751e8b465ee728b)
Start importing Assets/CannonCrew/Scripts/CC_SmartTank.cs using Guid(90696fb698ce6d142b4836c6e327df07) Importer(815301076,1909f56bfc062723c751e8b465ee728b)  -> (artifact id: 'b7ca1a31b7395ab52bcf761d0f5030ab') in 0.001173 seconds
Number of updated asset objects reloaded before import = 0
Number of asset objects unloaded after import = 0
========================================================================
Received Import Request.
  Time since last request: 78.224235 seconds.
  path: Assets/CannonCrew/Scripts/CC_SmartTank.cs
  artifactKey: Guid(90696fb698ce6d142b4836c6e327df07) Importer(815301076,1909f56bfc062723c751e8b465ee728b)
Start importing Assets/CannonCrew/Scripts/CC_SmartTank.cs using Guid(90696fb698ce6d142b4836c6e327df07) Importer(815301076,1909f56bfc062723c751e8b465ee728b)  -> (artifact id: '4a399e5d7f0308698781662e25efa4e3') in 0.003458 seconds
Number of updated asset objects reloaded before import = 0
Number of asset objects unloaded after import = 0
========================================================================
Received Import Request.
  Time since last request: 10.506465 seconds.
  path: Assets/CannonCrew/Scripts/CC_SmartTank.cs
  artifactKey: Guid(90696fb698ce6d142b4836c6e327df07) Importer(815301076,1909f56bfc062723c751e8b465ee728b)
Start importing Assets/CannonCrew/Scripts/CC_SmartTank.cs using Guid(90696fb698ce6d142b4836c6e327df07) Importer(815301076,1909f56bfc062723c751e8b465ee728b)  -> (artifact id: 'efbef7be628138e07ed3bf62f2d50d60') in 0.004049 seconds
Number of updated asset objects reloaded before import = 0
Number of asset objects unloaded after import = 0
========================================================================
Received Import Request.
  Time since last request: 381.173639 seconds.
  path: Assets/CannonCrew/Scripts/CC_SmartTank.cs
  artifactKey: Guid(90696fb698ce6d142b4836c6e327df07) Importer(815301076,1909f56bfc062723c751e8b465ee728b)
Start importing Assets/CannonCrew/Scripts/CC_SmartTank.cs using Guid(90696fb698ce6d142b4836c6e327df07) Importer(815301076,1909f56bfc062723c751e8b465ee728b)  -> (artifact id: '51243cf5b3dd8b66fe3ee2a5645a5d8b') in 0.002065 seconds
Number of updated asset objects reloaded before import = 0
Number of asset objects unloaded after import = 0
========================================================================
Received Import Request.
  Time since last request: 16.641381 seconds.
  path: Assets/CannonCrew/Scripts/CC_SmartTank.cs
  artifactKey: Guid(90696fb698ce6d142b4836c6e327df07) Importer(815301076,1909f56bfc062723c751e8b465ee728b)
Start importing Assets/CannonCrew/Scripts/CC_SmartTank.cs using Guid(90696fb698ce6d142b4836c6e327df07) Importer(815301076,1909f56bfc062723c751e8b465ee728b)  -> (artifact id: '9801afd45be33fe6d2a202250826ce56') in 0.000969 seconds
Number of updated asset objects reloaded before import = 0
Number of asset objects unloaded after import = 0
========================================================================
Received Import Request.
  Time since last request: 3.231111 seconds.
  path: Assets/CannonCrew/Scripts/CC_SmartTank.cs
  artifactKey: Guid(90696fb698ce6d142b4836c6e327df07) Importer(815301076,1909f56bfc062723c751e8b465ee728b)
Start importing Assets/CannonCrew/Scripts/CC_SmartTank.cs using Guid(90696fb698ce6d142b4836c6e327df07) Importer(815301076,1909f56bfc062723c751e8b465ee728b)  -> (artifact id: 'd4cd44249468dc86718859186677f65e') in 0.000917 seconds
Number of updated asset objects reloaded before import = 0
Number of asset objects unloaded after import = 0
========================================================================
Received Import Request.
  Time since last request: 170.027676 seconds.
  path: Assets/CannonCrew/Scripts/CC_SmartTank.cs
  artifactKey: Guid(90696fb698ce6d142b4836c6e327df07) Importer(815301076,1909f56bfc062723c751e8b465ee728b)
Start importing Assets/CannonCrew/Scripts/CC_SmartTank.cs using Guid(90696fb698ce6d142b4836c6e327df07) Importer(815301076,1909f56bfc062723c751e8b465ee728b)  -> (artifact id: 'c48a701a641b8ae7fb883fc04539265a') in 0.000933 seconds
Number of updated asset objects reloaded before import = 0
Number of asset objects unloaded after import = 0
========================================================================
Received Import Request.
  Time since last request: 6.573145 seconds.
  path: Assets/CannonCrew/Scripts/CC_SmartTank.cs
  artifactKey: Guid(90696fb698ce6d142b4836c6e327df07) Importer(815301076,1909f56bfc062723c751e8b465ee728b)
Start importing Assets/CannonCrew/Scripts/CC_SmartTank.cs using Guid(90696fb698ce6d142b4836c6e327df07) Importer(815301076,1909f56bfc062723c751e8b465ee728b)  -> (artifact id: 'fbe24d3fc4353f24a43c8b8250541820') in 0.000914 seconds
Number of updated asset objects reloaded before import = 0
Number of asset objects unloaded after import = 0
========================================================================
Received Import Request.
  Time since last request: 114.081511 seconds.
  path: Assets/CannonCrew/Scripts/CC_SmartTank.cs
  artifactKey: Guid(90696fb698ce6d142b4836c6e327df07) Importer(815301076,1909f56bfc062723c751e8b465ee728b)
Start importing Assets/CannonCrew/Scripts/CC_SmartTank.cs using Guid(90696fb698ce6d142b4836c6e327df07) Importer(815301076,1909f56bfc062723c751e8b465ee728b)  -> (artifact id: '109c3e66776605c9f26a4cc359a13cde') in 0.002832 seconds
Number of updated asset objects reloaded before import = 0
Number of asset objects unloaded after import = 0
========================================================================
Received Import Request.
  Time since last request: 16.399848 seconds.
  path: Assets/CannonCrew/Scripts/CC_SmartTank.cs
  artifactKey: Guid(90696fb698ce6d142b4836c6e327df07) Importer(815301076,1909f56bfc062723c751e8b465ee728b)
Start importing Assets/CannonCrew/Scripts/CC_SmartTank.cs using Guid(90696fb698ce6d142b4836c6e327df07) Importer(815301076,1909f56bfc062723c751e8b465ee728b)  -> (artifact id: 'e207885d68becfddcafa9cb05bd659d8') in 0.000974 seconds
Number of updated asset objects reloaded before import = 0
Number of asset objects unloaded after import = 0
========================================================================
Received Import Request.
  Time since last request: 10.719715 seconds.
  path: Assets/CannonCrew/Scripts/CC_SmartTank.cs
  artifactKey: Guid(90696fb698ce6d142b4836c6e327df07) Importer(815301076,1909f56bfc062723c751e8b465ee728b)
Start importing Assets/CannonCrew/Scripts/CC_SmartTank.cs using Guid(90696fb698ce6d142b4836c6e327df07) Importer(815301076,1909f56bfc062723c751e8b465ee728b)  -> (artifact id: '07173db4870fa2e19dc601b4f72c5e04') in 0.001727 seconds
Number of updated asset objects reloaded before import = 0
Number of asset objects unloaded after import = 0
========================================================================
Received Import Request.
  Time since last request: 22.242658 seconds.
  path: Assets/CannonCrew/Scripts/CC_SmartTank.cs
  artifactKey: Guid(90696fb698ce6d142b4836c6e327df07) Importer(815301076,1909f56bfc062723c751e8b465ee728b)
Start importing Assets/CannonCrew/Scripts/CC_SmartTank.cs using Guid(90696fb698ce6d142b4836c6e327df07) Importer(815301076,1909f56bfc062723c751e8b465ee728b)  -> (artifact id: '064a0d4a2f70a10ea35bb062d28a631c') in 0.002643 seconds
Number of updated asset objects reloaded before import = 0
Number of asset objects unloaded after import = 0
========================================================================
Received Import Request.
  Time since last request: 26.381865 seconds.
  path: Assets/CannonCrew/Scripts/CC_SmartTank.cs
  artifactKey: Guid(90696fb698ce6d142b4836c6e327df07) Importer(815301076,1909f56bfc062723c751e8b465ee728b)
Start importing Assets/CannonCrew/Scripts/CC_SmartTank.cs using Guid(90696fb698ce6d142b4836c6e327df07) Importer(815301076,1909f56bfc062723c751e8b465ee728b)  -> (artifact id: '979f0df9f8450ca854ed844ab8519941') in 0.002059 seconds
Number of updated asset objects reloaded before import = 0
Number of asset objects unloaded after import = 0
========================================================================
Received Import Request.
  Time since last request: 5.426935 seconds.
  path: Assets/CannonCrew/Scripts/CC_SmartTank.cs
  artifactKey: Guid(90696fb698ce6d142b4836c6e327df07) Importer(815301076,1909f56bfc062723c751e8b465ee728b)
Start importing Assets/CannonCrew/Scripts/CC_SmartTank.cs using Guid(90696fb698ce6d142b4836c6e327df07) Importer(815301076,1909f56bfc062723c751e8b465ee728b)  -> (artifact id: '124363355d638cc5d4d43c1c4bfedfe6') in 0.001942 seconds
Number of updated asset objects reloaded before import = 0
Number of asset objects unloaded after import = 0
========================================================================
Received Import Request.
  Time since last request: 25.951978 seconds.
  path: Assets/CannonCrew/Scripts/CC_SmartTank.cs
  artifactKey: Guid(90696fb698ce6d142b4836c6e327df07) Importer(815301076,1909f56bfc062723c751e8b465ee728b)
Start importing Assets/CannonCrew/Scripts/CC_SmartTank.cs using Guid(90696fb698ce6d142b4836c6e327df07) Importer(815301076,1909f56bfc062723c751e8b465ee728b)  -> (artifact id: '8893f9522620b2d76f52d14658a70a7e') in 0.001643 seconds
Number of updated asset objects reloaded before import = 0
Number of asset objects unloaded after import = 0
========================================================================
Received Import Request.
  Time since last request: 95.147231 seconds.
  path: Assets/CannonCrew/Scripts/CC_SmartTank.cs
  artifactKey: Guid(90696fb698ce6d142b4836c6e327df07) Importer(815301076,1909f56bfc062723c751e8b465ee728b)
Start importing Assets/CannonCrew/Scripts/CC_SmartTank.cs using Guid(90696fb698ce6d142b4836c6e327df07) Importer(815301076,1909f56bfc062723c751e8b465ee728b)  -> (artifact id: '1715fccbd1b37636dfe115519079a306') in 0.003065 seconds
Number of updated asset objects reloaded before import = 0
Number of asset objects unloaded after import = 0
========================================================================
Received Import Request.
  Time since last request: 38.875803 seconds.
  path: Assets/CannonCrew/Scripts/CC_SmartTank.cs
  artifactKey: Guid(90696fb698ce6d142b4836c6e327df07) Importer(815301076,1909f56bfc062723c751e8b465ee728b)
Start importing Assets/CannonCrew/Scripts/CC_SmartTank.cs using Guid(90696fb698ce6d142b4836c6e327df07) Importer(815301076,1909f56bfc062723c751e8b465ee728b)  -> (artifact id: 'a768a2f5ba32362c2ca0c95d87805edc') in 0.000690 seconds
Number of updated asset objects reloaded before import = 0
Number of asset objects unloaded after import = 0
========================================================================
Received Import Request.
  Time since last request: 4.636302 seconds.
  path: Assets/CannonCrew/Scripts/CC_SmartTank.cs
  artifactKey: Guid(90696fb698ce6d142b4836c6e327df07) Importer(815301076,1909f56bfc062723c751e8b465ee728b)
Start importing Assets/CannonCrew/Scripts/CC_SmartTank.cs using Guid(90696fb698ce6d142b4836c6e327df07) Importer(815301076,1909f56bfc062723c751e8b465ee728b)  -> (artifact id: '680911af3242657e2e07ec260108ed81') in 0.000698 seconds
Number of updated asset objects reloaded before import = 0
Number of asset objects unloaded after import = 0
========================================================================
Received Import Request.
  Time since last request: 14.028703 seconds.
  path: Assets/CannonCrew/Scripts/CC_SmartTank.cs
  artifactKey: Guid(90696fb698ce6d142b4836c6e327df07) Importer(815301076,1909f56bfc062723c751e8b465ee728b)
Start importing Assets/CannonCrew/Scripts/CC_SmartTank.cs using Guid(90696fb698ce6d142b4836c6e327df07) Importer(815301076,1909f56bfc062723c751e8b465ee728b)  -> (artifact id: '09ef4a960441eb4b8a5270cf305c1189') in 0.002366 seconds
Number of updated asset objects reloaded before import = 0
Number of asset objects unloaded after import = 0
========================================================================
Received Import Request.
  Time since last request: 26.293270 seconds.
  path: Assets/CannonCrew/Scripts/CC_SmartTank.cs
  artifactKey: Guid(90696fb698ce6d142b4836c6e327df07) Importer(815301076,1909f56bfc062723c751e8b465ee728b)
Start importing Assets/CannonCrew/Scripts/CC_SmartTank.cs using Guid(90696fb698ce6d142b4836c6e327df07) Importer(815301076,1909f56bfc062723c751e8b465ee728b)  -> (artifact id: '79b5a2e85853d72c8d08e9c94a565cc1') in 0.003503 seconds
Number of updated asset objects reloaded before import = 0
Number of asset objects unloaded after import = 0
========================================================================
Received Import Request.
  Time since last request: 932.346562 seconds.
  path: Assets/CannonCrew/Scripts/CC_SmartTank.cs
  artifactKey: Guid(90696fb698ce6d142b4836c6e327df07) Importer(815301076,1909f56bfc062723c751e8b465ee728b)
Start importing Assets/CannonCrew/Scripts/CC_SmartTank.cs using Guid(90696fb698ce6d142b4836c6e327df07) Importer(815301076,1909f56bfc062723c751e8b465ee728b)  -> (artifact id: '2f2cc135722959aedda75792be7a0aaf') in 0.002599 seconds
Number of updated asset objects reloaded before import = 0
Number of asset objects unloaded after import = 0
========================================================================
Received Import Request.
  Time since last request: 10.705964 seconds.
  path: Assets/CannonCrew/Scripts/CC_SmartTank.cs
  artifactKey: Guid(90696fb698ce6d142b4836c6e327df07) Importer(815301076,1909f56bfc062723c751e8b465ee728b)
Start importing Assets/CannonCrew/Scripts/CC_SmartTank.cs using Guid(90696fb698ce6d142b4836c6e327df07) Importer(815301076,1909f56bfc062723c751e8b465ee728b)  -> (artifact id: '0ea60c47fceb5a8d7f5fb4fa4a93098c') in 0.002560 seconds
Number of updated asset objects reloaded before import = 0
Number of asset objects unloaded after import = 0
========================================================================
Received Import Request.
  Time since last request: 373.128769 seconds.
  path: Assets/CannonCrew/Scripts/CC_SmartTank.cs
  artifactKey: Guid(90696fb698ce6d142b4836c6e327df07) Importer(815301076,1909f56bfc062723c751e8b465ee728b)
Start importing Assets/CannonCrew/Scripts/CC_SmartTank.cs using Guid(90696fb698ce6d142b4836c6e327df07) Importer(815301076,1909f56bfc062723c751e8b465ee728b)  -> (artifact id: 'b65fb0fa01e276668b859cbb014f1dd8') in 0.003195 seconds
Number of updated asset objects reloaded before import = 0
Number of asset objects unloaded after import = 0
========================================================================
Received Prepare
Begin MonoManager ReloadAssembly
- Loaded All Assemblies, in  2.759 seconds
Refreshing native plugins compatible for Editor in 1.28 ms, found 0 plugins.
Native extension for WindowsStandalone target not found
Mono: successfully reloaded assembly
- Finished resetting the current domain, in  9.403 seconds
Domain Reload Profiling: 12153ms
	BeginReloadAssembly (698ms)
		ExecutionOrderSort (0ms)
		DisableScriptedObjects (53ms)
		BackupInstance (0ms)
		ReleaseScriptingObjects (1ms)
		CreateAndSetChildDomain (222ms)
	RebuildCommonClasses (398ms)
	RebuildNativeTypeToScriptingClass (29ms)
	initialDomainReloadingComplete (88ms)
	LoadAllAssembliesAndSetupDomain (1536ms)
		LoadAssemblies (1757ms)
		RebuildTransferFunctionScriptingTraits (0ms)
		AnalyzeDomain (41ms)
			TypeCache.Refresh (21ms)
				TypeCache.ScanAssembly (2ms)
			ScanForSourceGeneratedMonoScriptInfo (11ms)
			ResolveRequiredComponents (7ms)
	FinalizeReload (9404ms)
		ReleaseScriptCaches (0ms)
		RebuildScriptCaches (0ms)
		SetupLoadedEditorAssemblies (691ms)
			LogAssemblyErrors (0ms)
			InitializePlatformSupportModulesInManaged (19ms)
			SetLoadedEditorAssemblies (10ms)
			RefreshPlugins (0ms)
			BeforeProcessingInitializeOnLoad (165ms)
			ProcessInitializeOnLoadAttributes (376ms)
			ProcessInitializeOnLoadMethodAttributes (97ms)
			AfterProcessingInitializeOnLoad (22ms)
			EditorAssembliesLoaded (0ms)
		ExecutionOrderSort2 (0ms)
		AwakeInstancesAfterBackupRestoration (17ms)
Refreshing native plugins compatible for Editor in 2.35 ms, found 0 plugins.
Preloading 0 native plugins for Editor in 0.00 ms.
Unloading 1184 Unused Serialized files (Serialized files now loaded: 0)
Unloading 9 unused Assets / (23.8 KB). Loaded Objects now: 1706.
Memory consumption went from 85.0 MB to 85.0 MB.
Total: 4.446600 ms (FindLiveObjects: 0.199800 ms CreateObjectMapping: 0.073000 ms MarkObjects: 4.120700 ms  DeleteObjects: 0.051600 ms)

Prepare: number of updated asset objects reloaded= 0
AssetImportParameters requested are different than current active one (requested -> active):
  custom:video-encoder-webm-vp8: eb34c28f22e8b96e1ab97ce403110664 -> 
  custom:video-decoder-webm-vp8: 9c59270c3fd7afecdb556c50c9e8de78 -> 
  custom:audio-decoder-ogg-vorbis: bf7c407c2cedff20999df2af8eb42d56 -> 
  custom:SearchIndexIgnoredProperties: e643bd26f0fe6173181afceb89e7c659 -> 
  custom:container-demuxer-ogg: 62fdf1f143b41e24485cea50d1cbac27 -> 
  custom:AudioImporter_EditorPlatform: d09bf68614088b80899f8185d706f6e7 -> 
  custom:CustomObjectIndexerAttribute: 9a22284fe3817be447336de3de66b15e -> 
  custom:container-demuxer-webm: 4f35f7cbe854078d1ac9338744f61a02 -> 
  custom:video-codec-MediaFoundation-h265: 746d11721c4dcdbdad8f713fa42b33f4 -> 
  custom:video-decoder-ogg-theora: a1e56fd34408186e4bbccfd4996cb3dc -> 
  custom:audio-encoder-webm-vorbis: bf7c407c2cedff20999df2af8eb42d56 -> 
  custom:framework-win-MediaFoundation: 216162199b28c13a410421893ffa2e32 -> 
  custom:container-muxer-webm: aa71ff27fc2769a1b78a27578f13a17b -> 
========================================================================
Received Import Request.
  Time since last request: 147.308584 seconds.
  path: Assets/CannonCrew/Scripts/CC_SmartTank.cs
  artifactKey: Guid(90696fb698ce6d142b4836c6e327df07) Importer(815301076,1909f56bfc062723c751e8b465ee728b)
Start importing Assets/CannonCrew/Scripts/CC_SmartTank.cs using Guid(90696fb698ce6d142b4836c6e327df07) Importer(815301076,1909f56bfc062723c751e8b465ee728b)  -> (artifact id: '0a89ddab16bb93075ec59f7550890a98') in 0.002917 seconds
Number of updated asset objects reloaded before import = 0
Number of asset objects unloaded after import = 0
========================================================================
Received Import Request.
  Time since last request: 180.798704 seconds.
  path: Assets/CannonCrew/Scripts/PriorityHolder.cs
  artifactKey: Guid(b356ff745bf4ce748a947bdc10d62203) Importer(815301076,1909f56bfc062723c751e8b465ee728b)
Start importing Assets/CannonCrew/Scripts/PriorityHolder.cs using Guid(b356ff745bf4ce748a947bdc10d62203) Importer(815301076,1909f56bfc062723c751e8b465ee728b)  -> (artifact id: '21b725ef387daec44f5e44d299206ceb') in 0.001942 seconds
Number of updated asset objects reloaded before import = 0
Number of asset objects unloaded after import = 0
========================================================================
Received Import Request.
  Time since last request: 11.543762 seconds.
  path: Assets/CannonCrew/Scripts/PriorityHolder.cs
  artifactKey: Guid(b356ff745bf4ce748a947bdc10d62203) Importer(815301076,1909f56bfc062723c751e8b465ee728b)
Start importing Assets/CannonCrew/Scripts/PriorityHolder.cs using Guid(b356ff745bf4ce748a947bdc10d62203) Importer(815301076,1909f56bfc062723c751e8b465ee728b)  -> (artifact id: '204a65c3215e6393a8a751c55afa5a37') in 0.002642 seconds
Number of updated asset objects reloaded before import = 0
Number of asset objects unloaded after import = 0
========================================================================
Received Import Request.
  Time since last request: 2.510316 seconds.
  path: Assets/CannonCrew/Scripts/PriorityHolder.cs
  artifactKey: Guid(b356ff745bf4ce748a947bdc10d62203) Importer(815301076,1909f56bfc062723c751e8b465ee728b)
Start importing Assets/CannonCrew/Scripts/PriorityHolder.cs using Guid(b356ff745bf4ce748a947bdc10d62203) Importer(815301076,1909f56bfc062723c751e8b465ee728b)  -> (artifact id: '5e487227821bcd38605b562684403147') in 0.000534 seconds
Number of updated asset objects reloaded before import = 0
Number of asset objects unloaded after import = 0
========================================================================
Received Import Request.
  Time since last request: 3.336619 seconds.
  path: Assets/CannonCrew/Scripts/PriorityHolder.cs
  artifactKey: Guid(b356ff745bf4ce748a947bdc10d62203) Importer(815301076,1909f56bfc062723c751e8b465ee728b)
Start importing Assets/CannonCrew/Scripts/PriorityHolder.cs using Guid(b356ff745bf4ce748a947bdc10d62203) Importer(815301076,1909f56bfc062723c751e8b465ee728b)  -> (artifact id: 'dd373e3340a9ef75a28d4cd27b9230d4') in 0.004826 seconds
Number of updated asset objects reloaded before import = 0
Number of asset objects unloaded after import = 0
========================================================================
Received Import Request.
  Time since last request: 24.041754 seconds.
  path: Assets/CannonCrew/Scripts/PriorityHolder.cs
  artifactKey: Guid(b356ff745bf4ce748a947bdc10d62203) Importer(815301076,1909f56bfc062723c751e8b465ee728b)
Start importing Assets/CannonCrew/Scripts/PriorityHolder.cs using Guid(b356ff745bf4ce748a947bdc10d62203) Importer(815301076,1909f56bfc062723c751e8b465ee728b)  -> (artifact id: '5f70ae3b8abcb95b6a39dd78af37c6fb') in 0.000739 seconds
Number of updated asset objects reloaded before import = 0
Number of asset objects unloaded after import = 0
========================================================================
Received Import Request.
  Time since last request: 16.709829 seconds.
  path: Assets/CannonCrew/Scripts/PriorityHolder.cs
  artifactKey: Guid(b356ff745bf4ce748a947bdc10d62203) Importer(815301076,1909f56bfc062723c751e8b465ee728b)
Start importing Assets/CannonCrew/Scripts/PriorityHolder.cs using Guid(b356ff745bf4ce748a947bdc10d62203) Importer(815301076,1909f56bfc062723c751e8b465ee728b)  -> (artifact id: '7a21acdbe2fbb9db99e88947e681236d') in 0.000685 seconds
Number of updated asset objects reloaded before import = 0
Number of asset objects unloaded after import = 0
========================================================================
Received Import Request.
  Time since last request: 12367.604964 seconds.
  path: Assets/CannonCrew/Scripts/PriorityHolder.cs
  artifactKey: Guid(b356ff745bf4ce748a947bdc10d62203) Importer(815301076,1909f56bfc062723c751e8b465ee728b)
Start importing Assets/CannonCrew/Scripts/PriorityHolder.cs using Guid(b356ff745bf4ce748a947bdc10d62203) Importer(815301076,1909f56bfc062723c751e8b465ee728b)  -> (artifact id: '4d88e2c25bed32f048d35889b7292f04') in 0.004215 seconds
Number of updated asset objects reloaded before import = 0
Number of asset objects unloaded after import = 0
========================================================================
Received Import Request.
  Time since last request: 2.422168 seconds.
  path: Assets/CannonCrew/Scripts/PriorityHolder.cs
  artifactKey: Guid(b356ff745bf4ce748a947bdc10d62203) Importer(815301076,1909f56bfc062723c751e8b465ee728b)
Start importing Assets/CannonCrew/Scripts/PriorityHolder.cs using Guid(b356ff745bf4ce748a947bdc10d62203) Importer(815301076,1909f56bfc062723c751e8b465ee728b)  -> (artifact id: 'e0ca92e888aae9327c79715b4cb60be7') in 0.001189 seconds
Number of updated asset objects reloaded before import = 0
Number of asset objects unloaded after import = 0
========================================================================
Received Prepare
Begin MonoManager ReloadAssembly
- Loaded All Assemblies, in  2.918 seconds
Refreshing native plugins compatible for Editor in 1.66 ms, found 0 plugins.
Native extension for WindowsStandalone target not found
Mono: successfully reloaded assembly
- Finished resetting the current domain, in  9.039 seconds
Domain Reload Profiling: 11948ms
	BeginReloadAssembly (200ms)
		ExecutionOrderSort (0ms)
		DisableScriptedObjects (10ms)
		BackupInstance (0ms)
		ReleaseScriptingObjects (0ms)
		CreateAndSetChildDomain (38ms)
	RebuildCommonClasses (445ms)
	RebuildNativeTypeToScriptingClass (37ms)
	initialDomainReloadingComplete (99ms)
	LoadAllAssembliesAndSetupDomain (2128ms)
		LoadAssemblies (2219ms)
		RebuildTransferFunctionScriptingTraits (0ms)
		AnalyzeDomain (26ms)
			TypeCache.Refresh (7ms)
				TypeCache.ScanAssembly (1ms)
			ScanForSourceGeneratedMonoScriptInfo (14ms)
			ResolveRequiredComponents (4ms)
	FinalizeReload (9040ms)
		ReleaseScriptCaches (0ms)
		RebuildScriptCaches (0ms)
		SetupLoadedEditorAssemblies (451ms)
			LogAssemblyErrors (0ms)
			InitializePlatformSupportModulesInManaged (11ms)
			SetLoadedEditorAssemblies (7ms)
			RefreshPlugins (0ms)
			BeforeProcessingInitializeOnLoad (89ms)
			ProcessInitializeOnLoadAttributes (264ms)
			ProcessInitializeOnLoadMethodAttributes (64ms)
			AfterProcessingInitializeOnLoad (17ms)
			EditorAssembliesLoaded (0ms)
		ExecutionOrderSort2 (0ms)
		AwakeInstancesAfterBackupRestoration (10ms)
Refreshing native plugins compatible for Editor in 1.09 ms, found 0 plugins.
Preloading 0 native plugins for Editor in 0.00 ms.
Unloading 1185 Unused Serialized files (Serialized files now loaded: 0)
Unloading 9 unused Assets / (23.8 KB). Loaded Objects now: 1710.
Memory consumption went from 85.0 MB to 85.0 MB.
Total: 2.494700 ms (FindLiveObjects: 0.151600 ms CreateObjectMapping: 0.041400 ms MarkObjects: 2.212900 ms  DeleteObjects: 0.087500 ms)

Prepare: number of updated asset objects reloaded= 0
AssetImportParameters requested are different than current active one (requested -> active):
  custom:video-encoder-webm-vp8: eb34c28f22e8b96e1ab97ce403110664 -> 
  custom:video-decoder-webm-vp8: 9c59270c3fd7afecdb556c50c9e8de78 -> 
  custom:audio-decoder-ogg-vorbis: bf7c407c2cedff20999df2af8eb42d56 -> 
  custom:SearchIndexIgnoredProperties: e643bd26f0fe6173181afceb89e7c659 -> 
  custom:container-demuxer-ogg: 62fdf1f143b41e24485cea50d1cbac27 -> 
  custom:AudioImporter_EditorPlatform: d09bf68614088b80899f8185d706f6e7 -> 
  custom:CustomObjectIndexerAttribute: 9a22284fe3817be447336de3de66b15e -> 
  custom:container-demuxer-webm: 4f35f7cbe854078d1ac9338744f61a02 -> 
  custom:video-codec-MediaFoundation-h265: 746d11721c4dcdbdad8f713fa42b33f4 -> 
  custom:video-decoder-ogg-theora: a1e56fd34408186e4bbccfd4996cb3dc -> 
  custom:audio-encoder-webm-vorbis: bf7c407c2cedff20999df2af8eb42d56 -> 
  custom:framework-win-MediaFoundation: 216162199b28c13a410421893ffa2e32 -> 
  custom:container-muxer-webm: aa71ff27fc2769a1b78a27578f13a17b -> 
========================================================================
Received Import Request.
  Time since last request: 719.722720 seconds.
  path: Assets/CannonCrew/Scripts/PriorityHolder.cs
  artifactKey: Guid(b356ff745bf4ce748a947bdc10d62203) Importer(815301076,1909f56bfc062723c751e8b465ee728b)
Start importing Assets/CannonCrew/Scripts/PriorityHolder.cs using Guid(b356ff745bf4ce748a947bdc10d62203) Importer(815301076,1909f56bfc062723c751e8b465ee728b)  -> (artifact id: 'dae06502eb0b790459ef82cb8f2d5ff7') in 0.004942 seconds
Number of updated asset objects reloaded before import = 0
Number of asset objects unloaded after import = 0
========================================================================
Received Prepare
Begin MonoManager ReloadAssembly
- Loaded All Assemblies, in  0.655 seconds
Refreshing native plugins compatible for Editor in 0.81 ms, found 0 plugins.
Native extension for WindowsStandalone target not found
Mono: successfully reloaded assembly
- Finished resetting the current domain, in  0.842 seconds
Domain Reload Profiling: 1495ms
	BeginReloadAssembly (240ms)
		ExecutionOrderSort (0ms)
		DisableScriptedObjects (19ms)
		BackupInstance (0ms)
		ReleaseScriptingObjects (0ms)
		CreateAndSetChildDomain (45ms)
	RebuildCommonClasses (60ms)
	RebuildNativeTypeToScriptingClass (12ms)
	initialDomainReloadingComplete (41ms)
	LoadAllAssembliesAndSetupDomain (300ms)
		LoadAssemblies (401ms)
		RebuildTransferFunctionScriptingTraits (0ms)
		AnalyzeDomain (32ms)
			TypeCache.Refresh (13ms)
				TypeCache.ScanAssembly (2ms)
			ScanForSourceGeneratedMonoScriptInfo (13ms)
			ResolveRequiredComponents (5ms)
	FinalizeReload (842ms)
		ReleaseScriptCaches (0ms)
		RebuildScriptCaches (0ms)
		SetupLoadedEditorAssemblies (310ms)
			LogAssemblyErrors (0ms)
			InitializePlatformSupportModulesInManaged (7ms)
			SetLoadedEditorAssemblies (4ms)
			RefreshPlugins (0ms)
			BeforeProcessingInitializeOnLoad (66ms)
			ProcessInitializeOnLoadAttributes (177ms)
			ProcessInitializeOnLoadMethodAttributes (44ms)
			AfterProcessingInitializeOnLoad (12ms)
			EditorAssembliesLoaded (0ms)
		ExecutionOrderSort2 (0ms)
		AwakeInstancesAfterBackupRestoration (7ms)
Refreshing native plugins compatible for Editor in 0.61 ms, found 0 plugins.
Preloading 0 native plugins for Editor in 0.00 ms.
Unloading 1185 Unused Serialized files (Serialized files now loaded: 0)
Unloading 9 unused Assets / (23.9 KB). Loaded Objects now: 1713.
Memory consumption went from 85.0 MB to 85.0 MB.
Total: 2.851900 ms (FindLiveObjects: 0.117200 ms CreateObjectMapping: 0.040700 ms MarkObjects: 2.647100 ms  DeleteObjects: 0.045900 ms)

Prepare: number of updated asset objects reloaded= 0
AssetImportParameters requested are different than current active one (requested -> active):
  custom:video-encoder-webm-vp8: eb34c28f22e8b96e1ab97ce403110664 -> 
  custom:video-decoder-webm-vp8: 9c59270c3fd7afecdb556c50c9e8de78 -> 
  custom:audio-decoder-ogg-vorbis: bf7c407c2cedff20999df2af8eb42d56 -> 
  custom:SearchIndexIgnoredProperties: e643bd26f0fe6173181afceb89e7c659 -> 
  custom:container-demuxer-ogg: 62fdf1f143b41e24485cea50d1cbac27 -> 
  custom:AudioImporter_EditorPlatform: d09bf68614088b80899f8185d706f6e7 -> 
  custom:CustomObjectIndexerAttribute: 9a22284fe3817be447336de3de66b15e -> 
  custom:container-demuxer-webm: 4f35f7cbe854078d1ac9338744f61a02 -> 
  custom:video-codec-MediaFoundation-h265: 746d11721c4dcdbdad8f713fa42b33f4 -> 
  custom:video-decoder-ogg-theora: a1e56fd34408186e4bbccfd4996cb3dc -> 
  custom:audio-encoder-webm-vorbis: bf7c407c2cedff20999df2af8eb42d56 -> 
  custom:framework-win-MediaFoundation: 216162199b28c13a410421893ffa2e32 -> 
  custom:container-muxer-webm: aa71ff27fc2769a1b78a27578f13a17b -> 
========================================================================
Received Import Request.
  Time since last request: 60821.123635 seconds.
  path: Assets/CannonCrew/Scripts/CC_SmartTank.cs
  artifactKey: Guid(90696fb698ce6d142b4836c6e327df07) Importer(815301076,1909f56bfc062723c751e8b465ee728b)
Start importing Assets/CannonCrew/Scripts/CC_SmartTank.cs using Guid(90696fb698ce6d142b4836c6e327df07) Importer(815301076,1909f56bfc062723c751e8b465ee728b)  -> (artifact id: 'a32a427905c0a0adf66b3d3ce42e56e3') in 0.022567 seconds
Number of updated asset objects reloaded before import = 0
Number of asset objects unloaded after import = 0
========================================================================
Received Prepare
Begin MonoManager ReloadAssembly
- Loaded All Assemblies, in  0.586 seconds
Refreshing native plugins compatible for Editor in 0.98 ms, found 0 plugins.
Native extension for WindowsStandalone target not found
Mono: successfully reloaded assembly
- Finished resetting the current domain, in  1.815 seconds
Domain Reload Profiling: 2398ms
	BeginReloadAssembly (215ms)
		ExecutionOrderSort (0ms)
		DisableScriptedObjects (16ms)
		BackupInstance (0ms)
		ReleaseScriptingObjects (0ms)
		CreateAndSetChildDomain (43ms)
	RebuildCommonClasses (51ms)
	RebuildNativeTypeToScriptingClass (13ms)
	initialDomainReloadingComplete (43ms)
	LoadAllAssembliesAndSetupDomain (261ms)
		LoadAssemblies (317ms)
		RebuildTransferFunctionScriptingTraits (0ms)
		AnalyzeDomain (54ms)
			TypeCache.Refresh (20ms)
				TypeCache.ScanAssembly (2ms)
			ScanForSourceGeneratedMonoScriptInfo (29ms)
			ResolveRequiredComponents (4ms)
	FinalizeReload (1816ms)
		ReleaseScriptCaches (0ms)
		RebuildScriptCaches (0ms)
		SetupLoadedEditorAssemblies (381ms)
			LogAssemblyErrors (0ms)
			InitializePlatformSupportModulesInManaged (10ms)
			SetLoadedEditorAssemblies (7ms)
			RefreshPlugins (0ms)
			BeforeProcessingInitializeOnLoad (82ms)
			ProcessInitializeOnLoadAttributes (225ms)
			ProcessInitializeOnLoadMethodAttributes (46ms)
			AfterProcessingInitializeOnLoad (11ms)
			EditorAssembliesLoaded (0ms)
		ExecutionOrderSort2 (0ms)
		AwakeInstancesAfterBackupRestoration (9ms)
Refreshing native plugins compatible for Editor in 0.99 ms, found 0 plugins.
Preloading 0 native plugins for Editor in 0.00 ms.
Unloading 1184 Unused Serialized files (Serialized files now loaded: 0)
Unloading 10 unused Assets / (24.3 KB). Loaded Objects now: 1715.
Memory consumption went from 85.0 MB to 85.0 MB.
Total: 4.489900 ms (FindLiveObjects: 0.161200 ms CreateObjectMapping: 0.048100 ms MarkObjects: 4.206800 ms  DeleteObjects: 0.072000 ms)

Prepare: number of updated asset objects reloaded= 0
AssetImportParameters requested are different than current active one (requested -> active):
  custom:video-encoder-webm-vp8: eb34c28f22e8b96e1ab97ce403110664 -> 
  custom:video-decoder-webm-vp8: 9c59270c3fd7afecdb556c50c9e8de78 -> 
  custom:audio-decoder-ogg-vorbis: bf7c407c2cedff20999df2af8eb42d56 -> 
  custom:SearchIndexIgnoredProperties: e643bd26f0fe6173181afceb89e7c659 -> 
  custom:container-demuxer-ogg: 62fdf1f143b41e24485cea50d1cbac27 -> 
  custom:AudioImporter_EditorPlatform: d09bf68614088b80899f8185d706f6e7 -> 
  custom:CustomObjectIndexerAttribute: 9a22284fe3817be447336de3de66b15e -> 
  custom:container-demuxer-webm: 4f35f7cbe854078d1ac9338744f61a02 -> 
  custom:video-codec-MediaFoundation-h265: 746d11721c4dcdbdad8f713fa42b33f4 -> 
  custom:video-decoder-ogg-theora: a1e56fd34408186e4bbccfd4996cb3dc -> 
  custom:audio-encoder-webm-vorbis: bf7c407c2cedff20999df2af8eb42d56 -> 
  custom:framework-win-MediaFoundation: 216162199b28c13a410421893ffa2e32 -> 
  custom:container-muxer-webm: aa71ff27fc2769a1b78a27578f13a17b -> 
========================================================================
Received Prepare
Begin MonoManager ReloadAssembly
- Loaded All Assemblies, in  0.616 seconds
Refreshing native plugins compatible for Editor in 1.12 ms, found 0 plugins.
Native extension for WindowsStandalone target not found
Mono: successfully reloaded assembly
- Finished resetting the current domain, in  1.394 seconds
Domain Reload Profiling: 2007ms
	BeginReloadAssembly (251ms)
		ExecutionOrderSort (0ms)
		DisableScriptedObjects (19ms)
		BackupInstance (0ms)
		ReleaseScriptingObjects (0ms)
		CreateAndSetChildDomain (36ms)
	RebuildCommonClasses (48ms)
	RebuildNativeTypeToScriptingClass (22ms)
	initialDomainReloadingComplete (45ms)
	LoadAllAssembliesAndSetupDomain (246ms)
		LoadAssemblies (338ms)
		RebuildTransferFunctionScriptingTraits (0ms)
		AnalyzeDomain (20ms)
			TypeCache.Refresh (9ms)
				TypeCache.ScanAssembly (1ms)
			ScanForSourceGeneratedMonoScriptInfo (7ms)
			ResolveRequiredComponents (2ms)
	FinalizeReload (1395ms)
		ReleaseScriptCaches (0ms)
		RebuildScriptCaches (0ms)
		SetupLoadedEditorAssemblies (421ms)
			LogAssemblyErrors (0ms)
			InitializePlatformSupportModulesInManaged (11ms)
			SetLoadedEditorAssemblies (7ms)
			RefreshPlugins (0ms)
			BeforeProcessingInitializeOnLoad (79ms)
			ProcessInitializeOnLoadAttributes (256ms)
			ProcessInitializeOnLoadMethodAttributes (57ms)
			AfterProcessingInitializeOnLoad (9ms)
			EditorAssembliesLoaded (0ms)
		ExecutionOrderSort2 (0ms)
		AwakeInstancesAfterBackupRestoration (7ms)
Refreshing native plugins compatible for Editor in 0.74 ms, found 0 plugins.
Preloading 0 native plugins for Editor in 0.00 ms.
Unloading 1185 Unused Serialized files (Serialized files now loaded: 0)
Unloading 9 unused Assets / (23.8 KB). Loaded Objects now: 1718.
Memory consumption went from 85.2 MB to 85.2 MB.
Total: 3.341800 ms (FindLiveObjects: 0.162300 ms CreateObjectMapping: 0.063600 ms MarkObjects: 3.074200 ms  DeleteObjects: 0.040200 ms)

Prepare: number of updated asset objects reloaded= 0
AssetImportParameters requested are different than current active one (requested -> active):
  custom:video-encoder-webm-vp8: eb34c28f22e8b96e1ab97ce403110664 -> 
  custom:video-decoder-webm-vp8: 9c59270c3fd7afecdb556c50c9e8de78 -> 
  custom:audio-decoder-ogg-vorbis: bf7c407c2cedff20999df2af8eb42d56 -> 
  custom:SearchIndexIgnoredProperties: e643bd26f0fe6173181afceb89e7c659 -> 
  custom:container-demuxer-ogg: 62fdf1f143b41e24485cea50d1cbac27 -> 
  custom:AudioImporter_EditorPlatform: d09bf68614088b80899f8185d706f6e7 -> 
  custom:CustomObjectIndexerAttribute: 9a22284fe3817be447336de3de66b15e -> 
  custom:container-demuxer-webm: 4f35f7cbe854078d1ac9338744f61a02 -> 
  custom:video-codec-MediaFoundation-h265: 746d11721c4dcdbdad8f713fa42b33f4 -> 
  custom:video-decoder-ogg-theora: a1e56fd34408186e4bbccfd4996cb3dc -> 
  custom:audio-encoder-webm-vorbis: bf7c407c2cedff20999df2af8eb42d56 -> 
  custom:framework-win-MediaFoundation: 216162199b28c13a410421893ffa2e32 -> 
  custom:container-muxer-webm: aa71ff27fc2769a1b78a27578f13a17b -> 
========================================================================
Received Prepare
Begin MonoManager ReloadAssembly
- Loaded All Assemblies, in  0.604 seconds
Refreshing native plugins compatible for Editor in 3.97 ms, found 0 plugins.
Native extension for WindowsStandalone target not found
Mono: successfully reloaded assembly
- Finished resetting the current domain, in  1.296 seconds
Domain Reload Profiling: 1900ms
	BeginReloadAssembly (217ms)
		ExecutionOrderSort (0ms)
		DisableScriptedObjects (21ms)
		BackupInstance (0ms)
		ReleaseScriptingObjects (0ms)
		CreateAndSetChildDomain (28ms)
	RebuildCommonClasses (70ms)
	RebuildNativeTypeToScriptingClass (21ms)
	initialDomainReloadingComplete (27ms)
	LoadAllAssembliesAndSetupDomain (268ms)
		LoadAssemblies (331ms)
		RebuildTransferFunctionScriptingTraits (0ms)
		AnalyzeDomain (67ms)
			TypeCache.Refresh (22ms)
				TypeCache.ScanAssembly (2ms)
			ScanForSourceGeneratedMonoScriptInfo (32ms)
			ResolveRequiredComponents (11ms)
	FinalizeReload (1297ms)
		ReleaseScriptCaches (0ms)
		RebuildScriptCaches (0ms)
		SetupLoadedEditorAssemblies (410ms)
			LogAssemblyErrors (0ms)
			InitializePlatformSupportModulesInManaged (10ms)
			SetLoadedEditorAssemblies (9ms)
			RefreshPlugins (0ms)
			BeforeProcessingInitializeOnLoad (82ms)
			ProcessInitializeOnLoadAttributes (258ms)
			ProcessInitializeOnLoadMethodAttributes (45ms)
			AfterProcessingInitializeOnLoad (7ms)
			EditorAssembliesLoaded (0ms)
		ExecutionOrderSort2 (0ms)
		AwakeInstancesAfterBackupRestoration (10ms)
Refreshing native plugins compatible for Editor in 0.75 ms, found 0 plugins.
Preloading 0 native plugins for Editor in 0.00 ms.
Unloading 1185 Unused Serialized files (Serialized files now loaded: 0)
Unloading 9 unused Assets / (23.8 KB). Loaded Objects now: 1721.
Memory consumption went from 85.3 MB to 85.2 MB.
Total: 2.462300 ms (FindLiveObjects: 0.129300 ms CreateObjectMapping: 0.036000 ms MarkObjects: 2.244800 ms  DeleteObjects: 0.051100 ms)

Prepare: number of updated asset objects reloaded= 0
AssetImportParameters requested are different than current active one (requested -> active):
  custom:video-encoder-webm-vp8: eb34c28f22e8b96e1ab97ce403110664 -> 
  custom:video-decoder-webm-vp8: 9c59270c3fd7afecdb556c50c9e8de78 -> 
  custom:audio-decoder-ogg-vorbis: bf7c407c2cedff20999df2af8eb42d56 -> 
  custom:SearchIndexIgnoredProperties: e643bd26f0fe6173181afceb89e7c659 -> 
  custom:container-demuxer-ogg: 62fdf1f143b41e24485cea50d1cbac27 -> 
  custom:AudioImporter_EditorPlatform: d09bf68614088b80899f8185d706f6e7 -> 
  custom:CustomObjectIndexerAttribute: 9a22284fe3817be447336de3de66b15e -> 
  custom:container-demuxer-webm: 4f35f7cbe854078d1ac9338744f61a02 -> 
  custom:video-codec-MediaFoundation-h265: 746d11721c4dcdbdad8f713fa42b33f4 -> 
  custom:video-decoder-ogg-theora: a1e56fd34408186e4bbccfd4996cb3dc -> 
  custom:audio-encoder-webm-vorbis: bf7c407c2cedff20999df2af8eb42d56 -> 
  custom:framework-win-MediaFoundation: 216162199b28c13a410421893ffa2e32 -> 
  custom:container-muxer-webm: aa71ff27fc2769a1b78a27578f13a17b -> 
========================================================================
Received Prepare
Begin MonoManager ReloadAssembly
- Loaded All Assemblies, in  0.476 seconds
Refreshing native plugins compatible for Editor in 2.68 ms, found 0 plugins.
Native extension for WindowsStandalone target not found
Mono: successfully reloaded assembly
- Finished resetting the current domain, in  1.307 seconds
Domain Reload Profiling: 1781ms
	BeginReloadAssembly (185ms)
		ExecutionOrderSort (0ms)
		DisableScriptedObjects (10ms)
		BackupInstance (0ms)
		ReleaseScriptingObjects (0ms)
		CreateAndSetChildDomain (34ms)
	RebuildCommonClasses (54ms)
	RebuildNativeTypeToScriptingClass (20ms)
	initialDomainReloadingComplete (48ms)
	LoadAllAssembliesAndSetupDomain (166ms)
		LoadAssemblies (241ms)
		RebuildTransferFunctionScriptingTraits (0ms)
		AnalyzeDomain (27ms)
			TypeCache.Refresh (8ms)
				TypeCache.ScanAssembly (1ms)
			ScanForSourceGeneratedMonoScriptInfo (11ms)
			ResolveRequiredComponents (5ms)
	FinalizeReload (1307ms)
		ReleaseScriptCaches (0ms)
		RebuildScriptCaches (0ms)
		SetupLoadedEditorAssemblies (371ms)
			LogAssemblyErrors (0ms)
			InitializePlatformSupportModulesInManaged (10ms)
			SetLoadedEditorAssemblies (5ms)
			RefreshPlugins (0ms)
			BeforeProcessingInitializeOnLoad (75ms)
			ProcessInitializeOnLoadAttributes (227ms)
			ProcessInitializeOnLoadMethodAttributes (47ms)
			AfterProcessingInitializeOnLoad (7ms)
			EditorAssembliesLoaded (0ms)
		ExecutionOrderSort2 (0ms)
		AwakeInstancesAfterBackupRestoration (7ms)
Refreshing native plugins compatible for Editor in 0.52 ms, found 0 plugins.
Preloading 0 native plugins for Editor in 0.00 ms.
Unloading 1185 Unused Serialized files (Serialized files now loaded: 0)
Unloading 9 unused Assets / (23.8 KB). Loaded Objects now: 1724.
Memory consumption went from 85.3 MB to 85.2 MB.
Total: 4.501000 ms (FindLiveObjects: 0.110500 ms CreateObjectMapping: 0.029200 ms MarkObjects: 4.313300 ms  DeleteObjects: 0.046600 ms)

Prepare: number of updated asset objects reloaded= 0
AssetImportParameters requested are different than current active one (requested -> active):
  custom:video-encoder-webm-vp8: eb34c28f22e8b96e1ab97ce403110664 -> 
  custom:video-decoder-webm-vp8: 9c59270c3fd7afecdb556c50c9e8de78 -> 
  custom:audio-decoder-ogg-vorbis: bf7c407c2cedff20999df2af8eb42d56 -> 
  custom:SearchIndexIgnoredProperties: e643bd26f0fe6173181afceb89e7c659 -> 
  custom:container-demuxer-ogg: 62fdf1f143b41e24485cea50d1cbac27 -> 
  custom:AudioImporter_EditorPlatform: d09bf68614088b80899f8185d706f6e7 -> 
  custom:CustomObjectIndexerAttribute: 9a22284fe3817be447336de3de66b15e -> 
  custom:container-demuxer-webm: 4f35f7cbe854078d1ac9338744f61a02 -> 
  custom:video-codec-MediaFoundation-h265: 746d11721c4dcdbdad8f713fa42b33f4 -> 
  custom:video-decoder-ogg-theora: a1e56fd34408186e4bbccfd4996cb3dc -> 
  custom:audio-encoder-webm-vorbis: bf7c407c2cedff20999df2af8eb42d56 -> 
  custom:framework-win-MediaFoundation: 216162199b28c13a410421893ffa2e32 -> 
  custom:container-muxer-webm: aa71ff27fc2769a1b78a27578f13a17b -> 
========================================================================
Received Prepare
Begin MonoManager ReloadAssembly
- Loaded All Assemblies, in  0.550 seconds
Refreshing native plugins compatible for Editor in 0.85 ms, found 0 plugins.
Native extension for WindowsStandalone target not found
Mono: successfully reloaded assembly
- Finished resetting the current domain, in  1.368 seconds
Domain Reload Profiling: 1911ms
	BeginReloadAssembly (198ms)
		ExecutionOrderSort (0ms)
		DisableScriptedObjects (13ms)
		BackupInstance (0ms)
		ReleaseScriptingObjects (0ms)
		CreateAndSetChildDomain (31ms)
	RebuildCommonClasses (63ms)
	RebuildNativeTypeToScriptingClass (15ms)
	initialDomainReloadingComplete (30ms)
	LoadAllAssembliesAndSetupDomain (237ms)
		LoadAssemblies (294ms)
		RebuildTransferFunctionScriptingTraits (0ms)
		AnalyzeDomain (59ms)
			TypeCache.Refresh (16ms)
				TypeCache.ScanAssembly (2ms)
			ScanForSourceGeneratedMonoScriptInfo (33ms)
			ResolveRequiredComponents (6ms)
	FinalizeReload (1369ms)
		ReleaseScriptCaches (0ms)
		RebuildScriptCaches (0ms)
		SetupLoadedEditorAssemblies (422ms)
			LogAssemblyErrors (0ms)
			InitializePlatformSupportModulesInManaged (13ms)
			SetLoadedEditorAssemblies (12ms)
			RefreshPlugins (0ms)
			BeforeProcessingInitializeOnLoad (115ms)
			ProcessInitializeOnLoadAttributes (218ms)
			ProcessInitializeOnLoadMethodAttributes (52ms)
			AfterProcessingInitializeOnLoad (12ms)
			EditorAssembliesLoaded (0ms)
		ExecutionOrderSort2 (0ms)
		AwakeInstancesAfterBackupRestoration (11ms)
Refreshing native plugins compatible for Editor in 0.88 ms, found 0 plugins.
Preloading 0 native plugins for Editor in 0.00 ms.
Unloading 1185 Unused Serialized files (Serialized files now loaded: 0)
Unloading 9 unused Assets / (23.9 KB). Loaded Objects now: 1727.
Memory consumption went from 85.3 MB to 85.2 MB.
Total: 4.362000 ms (FindLiveObjects: 0.288000 ms CreateObjectMapping: 0.127800 ms MarkObjects: 3.905800 ms  DeleteObjects: 0.038900 ms)

Prepare: number of updated asset objects reloaded= 0
AssetImportParameters requested are different than current active one (requested -> active):
  custom:video-encoder-webm-vp8: eb34c28f22e8b96e1ab97ce403110664 -> 
  custom:video-decoder-webm-vp8: 9c59270c3fd7afecdb556c50c9e8de78 -> 
  custom:audio-decoder-ogg-vorbis: bf7c407c2cedff20999df2af8eb42d56 -> 
  custom:SearchIndexIgnoredProperties: e643bd26f0fe6173181afceb89e7c659 -> 
  custom:container-demuxer-ogg: 62fdf1f143b41e24485cea50d1cbac27 -> 
  custom:AudioImporter_EditorPlatform: d09bf68614088b80899f8185d706f6e7 -> 
  custom:CustomObjectIndexerAttribute: 9a22284fe3817be447336de3de66b15e -> 
  custom:container-demuxer-webm: 4f35f7cbe854078d1ac9338744f61a02 -> 
  custom:video-codec-MediaFoundation-h265: 746d11721c4dcdbdad8f713fa42b33f4 -> 
  custom:video-decoder-ogg-theora: a1e56fd34408186e4bbccfd4996cb3dc -> 
  custom:audio-encoder-webm-vorbis: bf7c407c2cedff20999df2af8eb42d56 -> 
  custom:framework-win-MediaFoundation: 216162199b28c13a410421893ffa2e32 -> 
  custom:container-muxer-webm: aa71ff27fc2769a1b78a27578f13a17b -> 
========================================================================
Received Prepare
Begin MonoManager ReloadAssembly
- Loaded All Assemblies, in  0.497 seconds
Refreshing native plugins compatible for Editor in 0.90 ms, found 0 plugins.
Native extension for WindowsStandalone target not found
Mono: successfully reloaded assembly
- Finished resetting the current domain, in  1.401 seconds
Domain Reload Profiling: 1895ms
	BeginReloadAssembly (189ms)
		ExecutionOrderSort (0ms)
		DisableScriptedObjects (13ms)
		BackupInstance (0ms)
		ReleaseScriptingObjects (0ms)
		CreateAndSetChildDomain (25ms)
	RebuildCommonClasses (57ms)
	RebuildNativeTypeToScriptingClass (13ms)
	initialDomainReloadingComplete (28ms)
	LoadAllAssembliesAndSetupDomain (206ms)
		LoadAssemblies (287ms)
		RebuildTransferFunctionScriptingTraits (0ms)
		AnalyzeDomain (31ms)
			TypeCache.Refresh (13ms)
				TypeCache.ScanAssembly (2ms)
			ScanForSourceGeneratedMonoScriptInfo (12ms)
			ResolveRequiredComponents (4ms)
	FinalizeReload (1402ms)
		ReleaseScriptCaches (0ms)
		RebuildScriptCaches (0ms)
		SetupLoadedEditorAssemblies (442ms)
			LogAssemblyErrors (0ms)
			InitializePlatformSupportModulesInManaged (32ms)
			SetLoadedEditorAssemblies (13ms)
			RefreshPlugins (0ms)
			BeforeProcessingInitializeOnLoad (138ms)
			ProcessInitializeOnLoadAttributes (194ms)
			ProcessInitializeOnLoadMethodAttributes (54ms)
			AfterProcessingInitializeOnLoad (12ms)
			EditorAssembliesLoaded (0ms)
		ExecutionOrderSort2 (0ms)
		AwakeInstancesAfterBackupRestoration (7ms)
Refreshing native plugins compatible for Editor in 1.02 ms, found 0 plugins.
Preloading 0 native plugins for Editor in 0.00 ms.
Unloading 1185 Unused Serialized files (Serialized files now loaded: 0)
Unloading 9 unused Assets / (23.8 KB). Loaded Objects now: 1730.
Memory consumption went from 85.3 MB to 85.2 MB.
Total: 3.062300 ms (FindLiveObjects: 0.135500 ms CreateObjectMapping: 0.041000 ms MarkObjects: 2.847000 ms  DeleteObjects: 0.037200 ms)

Prepare: number of updated asset objects reloaded= 0
AssetImportParameters requested are different than current active one (requested -> active):
  custom:video-encoder-webm-vp8: eb34c28f22e8b96e1ab97ce403110664 -> 
  custom:video-decoder-webm-vp8: 9c59270c3fd7afecdb556c50c9e8de78 -> 
  custom:audio-decoder-ogg-vorbis: bf7c407c2cedff20999df2af8eb42d56 -> 
  custom:SearchIndexIgnoredProperties: e643bd26f0fe6173181afceb89e7c659 -> 
  custom:container-demuxer-ogg: 62fdf1f143b41e24485cea50d1cbac27 -> 
  custom:AudioImporter_EditorPlatform: d09bf68614088b80899f8185d706f6e7 -> 
  custom:CustomObjectIndexerAttribute: 9a22284fe3817be447336de3de66b15e -> 
  custom:container-demuxer-webm: 4f35f7cbe854078d1ac9338744f61a02 -> 
  custom:video-codec-MediaFoundation-h265: 746d11721c4dcdbdad8f713fa42b33f4 -> 
  custom:video-decoder-ogg-theora: a1e56fd34408186e4bbccfd4996cb3dc -> 
  custom:audio-encoder-webm-vorbis: bf7c407c2cedff20999df2af8eb42d56 -> 
  custom:framework-win-MediaFoundation: 216162199b28c13a410421893ffa2e32 -> 
  custom:container-muxer-webm: aa71ff27fc2769a1b78a27578f13a17b -> 
========================================================================
Received Prepare
Begin MonoManager ReloadAssembly
- Loaded All Assemblies, in  0.473 seconds
Refreshing native plugins compatible for Editor in 0.63 ms, found 0 plugins.
Native extension for WindowsStandalone target not found
Mono: successfully reloaded assembly
- Finished resetting the current domain, in  1.410 seconds
Domain Reload Profiling: 1881ms
	BeginReloadAssembly (178ms)
		ExecutionOrderSort (0ms)
		DisableScriptedObjects (10ms)
		BackupInstance (0ms)
		ReleaseScriptingObjects (0ms)
		CreateAndSetChildDomain (30ms)
	RebuildCommonClasses (49ms)
	RebuildNativeTypeToScriptingClass (21ms)
	initialDomainReloadingComplete (37ms)
	LoadAllAssembliesAndSetupDomain (186ms)
		LoadAssemblies (260ms)
		RebuildTransferFunctionScriptingTraits (0ms)
		AnalyzeDomain (23ms)
			TypeCache.Refresh (8ms)
				TypeCache.ScanAssembly (1ms)
			ScanForSourceGeneratedMonoScriptInfo (11ms)
			ResolveRequiredComponents (3ms)
	FinalizeReload (1411ms)
		ReleaseScriptCaches (0ms)
		RebuildScriptCaches (0ms)
		SetupLoadedEditorAssemblies (421ms)
			LogAssemblyErrors (0ms)
			InitializePlatformSupportModulesInManaged (18ms)
			SetLoadedEditorAssemblies (6ms)
			RefreshPlugins (0ms)
			BeforeProcessingInitializeOnLoad (74ms)
			ProcessInitializeOnLoadAttributes (223ms)
			ProcessInitializeOnLoadMethodAttributes (81ms)
			AfterProcessingInitializeOnLoad (20ms)
			EditorAssembliesLoaded (0ms)
		ExecutionOrderSort2 (0ms)
		AwakeInstancesAfterBackupRestoration (19ms)
Refreshing native plugins compatible for Editor in 1.05 ms, found 0 plugins.
Preloading 0 native plugins for Editor in 0.00 ms.
Unloading 1185 Unused Serialized files (Serialized files now loaded: 0)
Unloading 9 unused Assets / (23.8 KB). Loaded Objects now: 1733.
Memory consumption went from 85.3 MB to 85.2 MB.
Total: 3.722100 ms (FindLiveObjects: 0.210600 ms CreateObjectMapping: 0.084600 ms MarkObjects: 3.373900 ms  DeleteObjects: 0.051400 ms)

Prepare: number of updated asset objects reloaded= 0
AssetImportParameters requested are different than current active one (requested -> active):
  custom:video-encoder-webm-vp8: eb34c28f22e8b96e1ab97ce403110664 -> 
  custom:video-decoder-webm-vp8: 9c59270c3fd7afecdb556c50c9e8de78 -> 
  custom:audio-decoder-ogg-vorbis: bf7c407c2cedff20999df2af8eb42d56 -> 
  custom:SearchIndexIgnoredProperties: e643bd26f0fe6173181afceb89e7c659 -> 
  custom:container-demuxer-ogg: 62fdf1f143b41e24485cea50d1cbac27 -> 
  custom:AudioImporter_EditorPlatform: d09bf68614088b80899f8185d706f6e7 -> 
  custom:CustomObjectIndexerAttribute: 9a22284fe3817be447336de3de66b15e -> 
  custom:container-demuxer-webm: 4f35f7cbe854078d1ac9338744f61a02 -> 
  custom:video-codec-MediaFoundation-h265: 746d11721c4dcdbdad8f713fa42b33f4 -> 
  custom:video-decoder-ogg-theora: a1e56fd34408186e4bbccfd4996cb3dc -> 
  custom:audio-encoder-webm-vorbis: bf7c407c2cedff20999df2af8eb42d56 -> 
  custom:framework-win-MediaFoundation: 216162199b28c13a410421893ffa2e32 -> 
  custom:container-muxer-webm: aa71ff27fc2769a1b78a27578f13a17b -> 
========================================================================
Received Prepare
Begin MonoManager ReloadAssembly
- Loaded All Assemblies, in  0.917 seconds
Refreshing native plugins compatible for Editor in 4.12 ms, found 0 plugins.
Native extension for WindowsStandalone target not found
Mono: successfully reloaded assembly
- Finished resetting the current domain, in  1.428 seconds
Domain Reload Profiling: 2349ms
	BeginReloadAssembly (550ms)
		ExecutionOrderSort (0ms)
		DisableScriptedObjects (35ms)
		BackupInstance (0ms)
		ReleaseScriptingObjects (0ms)
		CreateAndSetChildDomain (98ms)
	RebuildCommonClasses (93ms)
	RebuildNativeTypeToScriptingClass (17ms)
	initialDomainReloadingComplete (37ms)
	LoadAllAssembliesAndSetupDomain (220ms)
		LoadAssemblies (494ms)
		RebuildTransferFunctionScriptingTraits (0ms)
		AnalyzeDomain (57ms)
			TypeCache.Refresh (7ms)
				TypeCache.ScanAssembly (1ms)
			ScanForSourceGeneratedMonoScriptInfo (33ms)
			ResolveRequiredComponents (14ms)
	FinalizeReload (1433ms)
		ReleaseScriptCaches (0ms)
		RebuildScriptCaches (0ms)
		SetupLoadedEditorAssemblies (416ms)
			LogAssemblyErrors (0ms)
			InitializePlatformSupportModulesInManaged (7ms)
			SetLoadedEditorAssemblies (4ms)
			RefreshPlugins (0ms)
			BeforeProcessingInitializeOnLoad (80ms)
			ProcessInitializeOnLoadAttributes (240ms)
			ProcessInitializeOnLoadMethodAttributes (75ms)
			AfterProcessingInitializeOnLoad (11ms)
			EditorAssembliesLoaded (0ms)
		ExecutionOrderSort2 (0ms)
		AwakeInstancesAfterBackupRestoration (12ms)
Refreshing native plugins compatible for Editor in 0.62 ms, found 0 plugins.
Preloading 0 native plugins for Editor in 0.00 ms.
Unloading 1185 Unused Serialized files (Serialized files now loaded: 0)
Unloading 9 unused Assets / (23.9 KB). Loaded Objects now: 1736.
Memory consumption went from 85.3 MB to 85.3 MB.
Total: 3.737300 ms (FindLiveObjects: 0.184100 ms CreateObjectMapping: 0.068100 ms MarkObjects: 3.440900 ms  DeleteObjects: 0.042500 ms)

Prepare: number of updated asset objects reloaded= 0
AssetImportParameters requested are different than current active one (requested -> active):
  custom:video-encoder-webm-vp8: eb34c28f22e8b96e1ab97ce403110664 -> 
  custom:video-decoder-webm-vp8: 9c59270c3fd7afecdb556c50c9e8de78 -> 
  custom:audio-decoder-ogg-vorbis: bf7c407c2cedff20999df2af8eb42d56 -> 
  custom:SearchIndexIgnoredProperties: e643bd26f0fe6173181afceb89e7c659 -> 
  custom:container-demuxer-ogg: 62fdf1f143b41e24485cea50d1cbac27 -> 
  custom:AudioImporter_EditorPlatform: d09bf68614088b80899f8185d706f6e7 -> 
  custom:CustomObjectIndexerAttribute: 9a22284fe3817be447336de3de66b15e -> 
  custom:container-demuxer-webm: 4f35f7cbe854078d1ac9338744f61a02 -> 
  custom:video-codec-MediaFoundation-h265: 746d11721c4dcdbdad8f713fa42b33f4 -> 
  custom:video-decoder-ogg-theora: a1e56fd34408186e4bbccfd4996cb3dc -> 
  custom:audio-encoder-webm-vorbis: bf7c407c2cedff20999df2af8eb42d56 -> 
  custom:framework-win-MediaFoundation: 216162199b28c13a410421893ffa2e32 -> 
  custom:container-muxer-webm: aa71ff27fc2769a1b78a27578f13a17b -> 
========================================================================
Received Prepare
Begin MonoManager ReloadAssembly
- Loaded All Assemblies, in  0.517 seconds
Refreshing native plugins compatible for Editor in 3.26 ms, found 0 plugins.
Native extension for WindowsStandalone target not found
Mono: successfully reloaded assembly
- Finished resetting the current domain, in  1.678 seconds
Domain Reload Profiling: 2193ms
	BeginReloadAssembly (195ms)
		ExecutionOrderSort (0ms)
		DisableScriptedObjects (7ms)
		BackupInstance (0ms)
		ReleaseScriptingObjects (0ms)
		CreateAndSetChildDomain (30ms)
	RebuildCommonClasses (46ms)
	RebuildNativeTypeToScriptingClass (19ms)
	initialDomainReloadingComplete (33ms)
	LoadAllAssembliesAndSetupDomain (221ms)
		LoadAssemblies (298ms)
		RebuildTransferFunctionScriptingTraits (0ms)
		AnalyzeDomain (41ms)
			TypeCache.Refresh (8ms)
				TypeCache.ScanAssembly (1ms)
			ScanForSourceGeneratedMonoScriptInfo (18ms)
			ResolveRequiredComponents (12ms)
	FinalizeReload (1679ms)
		ReleaseScriptCaches (0ms)
		RebuildScriptCaches (0ms)
		SetupLoadedEditorAssemblies (426ms)
			LogAssemblyErrors (0ms)
			InitializePlatformSupportModulesInManaged (6ms)
			SetLoadedEditorAssemblies (3ms)
			RefreshPlugins (0ms)
			BeforeProcessingInitializeOnLoad (80ms)
			ProcessInitializeOnLoadAttributes (259ms)
			ProcessInitializeOnLoadMethodAttributes (66ms)
			AfterProcessingInitializeOnLoad (11ms)
			EditorAssembliesLoaded (0ms)
		ExecutionOrderSort2 (0ms)
		AwakeInstancesAfterBackupRestoration (11ms)
Refreshing native plugins compatible for Editor in 0.84 ms, found 0 plugins.
Preloading 0 native plugins for Editor in 0.00 ms.
Unloading 1185 Unused Serialized files (Serialized files now loaded: 0)
Unloading 9 unused Assets / (23.8 KB). Loaded Objects now: 1739.
Memory consumption went from 85.3 MB to 85.3 MB.
Total: 4.819900 ms (FindLiveObjects: 0.261600 ms CreateObjectMapping: 0.133100 ms MarkObjects: 4.362000 ms  DeleteObjects: 0.061400 ms)

Prepare: number of updated asset objects reloaded= 0
AssetImportParameters requested are different than current active one (requested -> active):
  custom:video-encoder-webm-vp8: eb34c28f22e8b96e1ab97ce403110664 -> 
  custom:video-decoder-webm-vp8: 9c59270c3fd7afecdb556c50c9e8de78 -> 
  custom:audio-decoder-ogg-vorbis: bf7c407c2cedff20999df2af8eb42d56 -> 
  custom:SearchIndexIgnoredProperties: e643bd26f0fe6173181afceb89e7c659 -> 
  custom:container-demuxer-ogg: 62fdf1f143b41e24485cea50d1cbac27 -> 
  custom:AudioImporter_EditorPlatform: d09bf68614088b80899f8185d706f6e7 -> 
  custom:CustomObjectIndexerAttribute: 9a22284fe3817be447336de3de66b15e -> 
  custom:container-demuxer-webm: 4f35f7cbe854078d1ac9338744f61a02 -> 
  custom:video-codec-MediaFoundation-h265: 746d11721c4dcdbdad8f713fa42b33f4 -> 
  custom:video-decoder-ogg-theora: a1e56fd34408186e4bbccfd4996cb3dc -> 
  custom:audio-encoder-webm-vorbis: bf7c407c2cedff20999df2af8eb42d56 -> 
  custom:framework-win-MediaFoundation: 216162199b28c13a410421893ffa2e32 -> 
  custom:container-muxer-webm: aa71ff27fc2769a1b78a27578f13a17b -> 
========================================================================
Received Prepare
Begin MonoManager ReloadAssembly
- Loaded All Assemblies, in  0.532 seconds
Refreshing native plugins compatible for Editor in 5.93 ms, found 0 plugins.
Native extension for WindowsStandalone target not found
Mono: successfully reloaded assembly
- Finished resetting the current domain, in  1.735 seconds
Domain Reload Profiling: 2267ms
	BeginReloadAssembly (186ms)
		ExecutionOrderSort (0ms)
		DisableScriptedObjects (23ms)
		BackupInstance (0ms)
		ReleaseScriptingObjects (0ms)
		CreateAndSetChildDomain (27ms)
	RebuildCommonClasses (57ms)
	RebuildNativeTypeToScriptingClass (27ms)
	initialDomainReloadingComplete (44ms)
	LoadAllAssembliesAndSetupDomain (216ms)
		LoadAssemblies (242ms)
		RebuildTransferFunctionScriptingTraits (0ms)
		AnalyzeDomain (61ms)
			TypeCache.Refresh (9ms)
				TypeCache.ScanAssembly (1ms)
			ScanForSourceGeneratedMonoScriptInfo (32ms)
			ResolveRequiredComponents (15ms)
	FinalizeReload (1736ms)
		ReleaseScriptCaches (0ms)
		RebuildScriptCaches (0ms)
		SetupLoadedEditorAssemblies (861ms)
			LogAssemblyErrors (0ms)
			InitializePlatformSupportModulesInManaged (14ms)
			SetLoadedEditorAssemblies (6ms)
			RefreshPlugins (0ms)
			BeforeProcessingInitializeOnLoad (116ms)
			ProcessInitializeOnLoadAttributes (635ms)
			ProcessInitializeOnLoadMethodAttributes (78ms)
			AfterProcessingInitializeOnLoad (12ms)
			EditorAssembliesLoaded (0ms)
		ExecutionOrderSort2 (0ms)
		AwakeInstancesAfterBackupRestoration (10ms)
Script is not up to date after domain reload: guid(90696fb698ce6d142b4836c6e327df07) path("Assets/CannonCrew/Scripts/CC_SmartTank.cs") state(2)
Refreshing native plugins compatible for Editor in 0.68 ms, found 0 plugins.
Preloading 0 native plugins for Editor in 0.00 ms.
Unloading 1184 Unused Serialized files (Serialized files now loaded: 0)
Unloading 9 unused Assets / (23.9 KB). Loaded Objects now: 1741.
Memory consumption went from 85.3 MB to 85.3 MB.
Total: 2.378600 ms (FindLiveObjects: 0.149300 ms CreateObjectMapping: 0.041700 ms MarkObjects: 2.150800 ms  DeleteObjects: 0.035400 ms)

Prepare: number of updated asset objects reloaded= 0
AssetImportParameters requested are different than current active one (requested -> active):
  custom:video-encoder-webm-vp8: eb34c28f22e8b96e1ab97ce403110664 -> 
  custom:video-decoder-webm-vp8: 9c59270c3fd7afecdb556c50c9e8de78 -> 
  custom:audio-decoder-ogg-vorbis: bf7c407c2cedff20999df2af8eb42d56 -> 
  custom:SearchIndexIgnoredProperties: e643bd26f0fe6173181afceb89e7c659 -> 
  custom:container-demuxer-ogg: 62fdf1f143b41e24485cea50d1cbac27 -> 
  custom:AudioImporter_EditorPlatform: d09bf68614088b80899f8185d706f6e7 -> 
  custom:CustomObjectIndexerAttribute: 9a22284fe3817be447336de3de66b15e -> 
  custom:container-demuxer-webm: 4f35f7cbe854078d1ac9338744f61a02 -> 
  custom:video-codec-MediaFoundation-h265: 746d11721c4dcdbdad8f713fa42b33f4 -> 
  custom:video-decoder-ogg-theora: a1e56fd34408186e4bbccfd4996cb3dc -> 
  custom:audio-encoder-webm-vorbis: bf7c407c2cedff20999df2af8eb42d56 -> 
  custom:framework-win-MediaFoundation: 216162199b28c13a410421893ffa2e32 -> 
  custom:container-muxer-webm: aa71ff27fc2769a1b78a27578f13a17b -> 
========================================================================
Received Prepare
Begin MonoManager ReloadAssembly
- Loaded All Assemblies, in  0.634 seconds
Refreshing native plugins compatible for Editor in 0.80 ms, found 0 plugins.
Native extension for WindowsStandalone target not found
Mono: successfully reloaded assembly
- Finished resetting the current domain, in  1.574 seconds
Domain Reload Profiling: 2204ms
	BeginReloadAssembly (203ms)
		ExecutionOrderSort (0ms)
		DisableScriptedObjects (12ms)
		BackupInstance (0ms)
		ReleaseScriptingObjects (0ms)
		CreateAndSetChildDomain (35ms)
	RebuildCommonClasses (47ms)
	RebuildNativeTypeToScriptingClass (19ms)
	initialDomainReloadingComplete (49ms)
	LoadAllAssembliesAndSetupDomain (312ms)
		LoadAssemblies (361ms)
		RebuildTransferFunctionScriptingTraits (0ms)
		AnalyzeDomain (56ms)
			TypeCache.Refresh (30ms)
				TypeCache.ScanAssembly (2ms)
			ScanForSourceGeneratedMonoScriptInfo (18ms)
			ResolveRequiredComponents (7ms)
	FinalizeReload (1575ms)
		ReleaseScriptCaches (0ms)
		RebuildScriptCaches (0ms)
		SetupLoadedEditorAssemblies (364ms)
			LogAssemblyErrors (0ms)
			InitializePlatformSupportModulesInManaged (10ms)
			SetLoadedEditorAssemblies (12ms)
			RefreshPlugins (0ms)
			BeforeProcessingInitializeOnLoad (87ms)
			ProcessInitializeOnLoadAttributes (198ms)
			ProcessInitializeOnLoadMethodAttributes (49ms)
			AfterProcessingInitializeOnLoad (8ms)
			EditorAssembliesLoaded (0ms)
		ExecutionOrderSort2 (0ms)
		AwakeInstancesAfterBackupRestoration (8ms)
Refreshing native plugins compatible for Editor in 0.69 ms, found 0 plugins.
Preloading 0 native plugins for Editor in 0.00 ms.
Unloading 1185 Unused Serialized files (Serialized files now loaded: 0)
Unloading 9 unused Assets / (23.9 KB). Loaded Objects now: 1745.
Memory consumption went from 85.3 MB to 85.3 MB.
Total: 2.291300 ms (FindLiveObjects: 0.124800 ms CreateObjectMapping: 0.032300 ms MarkObjects: 2.094800 ms  DeleteObjects: 0.038200 ms)

Prepare: number of updated asset objects reloaded= 0
AssetImportParameters requested are different than current active one (requested -> active):
  custom:video-encoder-webm-vp8: eb34c28f22e8b96e1ab97ce403110664 -> 
  custom:video-decoder-webm-vp8: 9c59270c3fd7afecdb556c50c9e8de78 -> 
  custom:audio-decoder-ogg-vorbis: bf7c407c2cedff20999df2af8eb42d56 -> 
  custom:SearchIndexIgnoredProperties: e643bd26f0fe6173181afceb89e7c659 -> 
  custom:container-demuxer-ogg: 62fdf1f143b41e24485cea50d1cbac27 -> 
  custom:AudioImporter_EditorPlatform: d09bf68614088b80899f8185d706f6e7 -> 
  custom:CustomObjectIndexerAttribute: 9a22284fe3817be447336de3de66b15e -> 
  custom:container-demuxer-webm: 4f35f7cbe854078d1ac9338744f61a02 -> 
  custom:video-codec-MediaFoundation-h265: 746d11721c4dcdbdad8f713fa42b33f4 -> 
  custom:video-decoder-ogg-theora: a1e56fd34408186e4bbccfd4996cb3dc -> 
  custom:audio-encoder-webm-vorbis: bf7c407c2cedff20999df2af8eb42d56 -> 
  custom:framework-win-MediaFoundation: 216162199b28c13a410421893ffa2e32 -> 
  custom:container-muxer-webm: aa71ff27fc2769a1b78a27578f13a17b -> 
